name,datetime,temp,feelslike,dew,humidity,precip,precipprob,preciptype,snow,snowdepth,windgust,windspeed,winddir,sealevelpressure,cloudcover,visibility,solarradiation,solarenergy,uvindex,severerisk,conditions,icon,stations
Basel,2024-11-21T00:00:00,35.5,26.5,28.3,74.81,0,0,,0,0.04,13.2,13.9,250,1010,98,6.2,0,0,0,10,Overcast,cloudy,"LFSB,F6151"
Basel,2024-11-21T01:00:00,35.5,31.5,30.1,80.51,0,0,,0,0,11.9,4.7,250,1010,88,6.2,0,0,0,10,Partially cloudy,partly-cloudy-night,"LFSB,F6151"
Basel,2024-11-21T02:00:00,35.5,31.5,30.1,80.51,0,0,snow,0,0,15,4.7,230,1010,88,6.2,0,0,0,10,Partially cloudy,partly-cloudy-night,"LFSB,F6151"
Basel,2024-11-21T03:00:00,35.5,27.9,31.9,86.6,0.008,100,snow,0,0,16.6,10.3,260,1011,88,6.2,0,0,0,10,"Snow, Partially cloudy",rain,"LFSB,F6151"
Basel,2024-11-21T04:00:00,35.5,31.5,31.9,86.6,0,0,,0,0,18.8,4.7,280,1011,100,6.2,0,0,0,10,Overcast,cloudy,"LFSB,F6151"
Basel,2024-11-21T05:00:00,35.5,29.1,30.1,80.51,0,0,,0,0,17,8.1,260,1010,88,6.2,0,0,0,10,Partially cloudy,partly-cloudy-night,"LFSB,F6151"
Basel,2024-11-21T06:00:00,33.7,29.4,30.1,86.49,0,0,,0,0,14.3,4.7,270,1010,50,6.2,0,0,0,10,Partially cloudy,partly-cloudy-night,"LFSB,F6151"
Basel,2024-11-21T07:00:00,33.7,25.7,30.1,86.49,0,0,,0,0,4.7,10.3,260,1009,88,6.2,0,0,0,10,Partially cloudy,partly-cloudy-night,"LFSB,F6151"
Basel,2024-11-21T08:00:00,33.7,30.8,30.1,86.49,0,0,,0,0,3.8,3.4,250,1009,88,6.2,5,0,0,10,Partially cloudy,partly-cloudy-day,"LFSB,F6151"
Basel,2024-11-21T09:00:00,33.7,33.7,31.9,93.03,0,0,,0,0,6,2.2,81.5,1008,88,6.2,41,0.1,0,10,Partially cloudy,partly-cloudy-day,"LFSB,F6151"
Basel,2024-11-21T10:00:00,35.5,31.5,30.1,80.51,0,0,,0,0,8.5,4.7,160,1006,100,6.2,81,0.3,1,10,Overcast,cloudy,"LFSB,F6151"
Basel,2024-11-21T11:00:00,37.3,31.3,30.1,74.99,0,0,,0,0,11,8.1,110,1004,100,6.2,75,0.3,1,10,Overcast,cloudy,"LFSB,F6151"
Basel,2024-11-21T12:00:00,37.3,30.2,30.1,74.99,0,0,snow,0,0,13.4,10.3,100,1001,100,6.2,89,0.3,1,10,Overcast,cloudy,"LFSB,F6151"
Basel,2024-11-21T13:00:00,37.3,30.2,28.3,69.68,0.004,100,snow,0.04,0.04,11.9,10.3,110,998,100,6.2,93,0.3,1,10,"Snow, Overcast",snow,"LFSB,F6151"
Basel,2024-11-21T14:00:00,37.3,30.2,28.3,69.68,0.024,100,snow,0.12,0.16,13.9,10.3,100,996,88,6.2,50,0.2,1,10,"Snow, Partially cloudy",snow,"LFSB,F6151"
Basel,2024-11-21T15:00:00,33.7,26.3,31.9,93.03,0.055,100,snow,0.16,0.16,17.4,9.2,100,993,100,1.9,24,0.1,0,10,"Snow, Overcast",snow,"LFSB,F6151"
Basel,2024-11-21T16:00:00,31.9,24.7,31.9,100,0.134,100,snow,0.75,0.91,18.6,8.1,90,992,100,0.6,7,0,0,10,"Snow, Overcast",snow,"LFSB,F6151"
Basel,2024-11-21T17:00:00,31.5,28,30.6,96.42,0.138,100,snow,0.83,1.73,14.5,3.6,77.5,991,100,0.1,0,0,0,10,"Snow, Overcast",snow,
Basel,2024-11-21T18:00:00,31.4,31.4,30.8,97.84,0.157,100,snow,0.91,2.64,9.6,2.9,21.5,991,100,0.1,0,0,0,10,"Snow, Overcast",snow,
Basel,2024-11-21T19:00:00,31.9,27.9,30.5,94.34,0.11,100,snow,0.63,3.27,9.4,4,122.7,990,98.1,0.1,0,0,0,10,"Snow, Overcast",snow,
Basel,2024-11-21T20:00:00,31.9,25.3,30.3,93.66,0.028,100,snow,0.04,3.31,13.6,7.2,7.8,991,100,0.2,0,0,0,10,"Snow, Overcast",snow,
Basel,2024-11-21T21:00:00,31.5,27.1,30.6,96.42,0.067,100,snow,0.31,3.62,16.1,4.5,31.2,991,100,0.2,0,0,0,10,"Snow, Overcast",snow,
Basel,2024-11-21T22:00:00,31.4,26.2,30.6,97.13,0.193,100,snow,1.1,4.72,12.5,5.1,6.8,992,100,0.1,0,0,0,10,"Snow, Overcast",snow,
Basel,2024-11-21T23:00:00,31.2,24.7,30.1,95.72,0.122,100,snow,0.67,5.39,14.3,6.7,351.5,994,100,0.1,0,0,0,10,"Snow, Overcast",snow,
Basel,2024-11-22T00:00:00,30.8,24.1,29.6,95.01,0.13,100,snow,0.75,6.14,15.4,6.9,354,997,100,0.1,0,0,0,10,"Snow, Overcast",snow,
Basel,2024-11-22T01:00:00,31,27.2,29.4,93.63,0.043,100,snow,0.16,6.3,14.3,3.8,318.6,1000,100,0.1,0,0,0,10,"Snow, Overcast",snow,
Basel,2024-11-22T02:00:00,31,26.4,28.8,91.59,0.004,51.6,snow,0.04,6.14,13.9,4.5,323.7,1003,100,0.2,0,0,0,10,"Snow, Overcast",snow,
Basel,2024-11-22T03:00:00,31.2,31.2,27.8,86.99,0,51.6,snow,0.04,6.02,8.7,2,256.4,1005,89.3,0.6,0,0,0,10,"Snow, Partially cloudy",snow,
Basel,2024-11-22T04:00:00,30.3,30.3,26.9,86.94,0,51.6,"rain,snow",0,5.94,4.5,1.6,198.1,1006,56,13.8,0,0,0,10,"Snow, Rain, Partially cloudy",snow,
Basel,2024-11-22T05:00:00,29.2,24.8,26.7,90.17,0,51.6,"rain,snow",0,5.87,8.1,4,248.5,1007,61,15,0,0,0,10,"Snow, Rain, Partially cloudy",snow,
Basel,2024-11-22T06:00:00,29,22.7,24.2,81.81,0,51.6,"rain,snow",0,5.79,13,6,247.7,1008,14.3,14.7,0,0,0,10,"Snow, Rain",snow,
Basel,2024-11-22T07:00:00,27.8,20,23.3,82.96,0,51.6,snow,0,5.75,16.6,7.6,251.5,1010,32.2,15,0,0,0,10,"Snow, Partially cloudy",snow,
Basel,2024-11-22T08:00:00,27.9,21,22.4,79.29,0,12.9,,0,5.71,16.3,6.5,241.2,1011,100,15,1,0,0,10,Overcast,cloudy,
Basel,2024-11-22T09:00:00,29.6,22.8,21.1,70.36,0,12.9,,0,5.63,14.3,6.7,238.8,1012,100,15,54,0.2,1,10,Overcast,cloudy,
Basel,2024-11-22T10:00:00,31.4,24.6,21.6,66.92,0,12.9,,0,5.51,15.4,7.2,239.3,1013,100,15,168,0.6,2,10,Overcast,cloudy,
Basel,2024-11-22T11:00:00,32.4,25.8,22.9,67.56,0,12.9,,0,5.39,17,7.4,245.6,1013,100,15,238,0.9,2,10,Overcast,cloudy,
Basel,2024-11-22T12:00:00,33.5,26.7,22.2,62.77,0,12.9,,0,5.24,17,8.1,246.6,1013,100,15,273,1,3,10,Overcast,cloudy,
Basel,2024-11-22T13:00:00,34.6,28.1,23.1,62.44,0,12.9,,0,5.04,17,7.8,260,1014,100,15,261,0.9,3,10,Overcast,cloudy,
Basel,2024-11-22T14:00:00,35.1,27.9,23.4,62.04,0,83.9,"rain,snow",0,4.92,20.6,9.4,257.5,1014,99.7,15,212,0.8,2,10,"Snow, Rain, Overcast",rain,
Basel,2024-11-22T15:00:00,32.8,24.5,27.4,80.3,0.012,83.9,snow,0.04,4.8,23.9,10.5,255.5,1015,100,0.5,146,0.5,1,10,"Snow, Overcast",snow,
Basel,2024-11-22T16:00:00,31.9,25.1,28.7,87.67,0.051,83.9,snow,0.2,5,23,7.4,238.6,1016,98.1,0.2,52,0.2,1,10,"Snow, Overcast",snow,
Basel,2024-11-22T17:00:00,32.3,24.5,27.4,82.06,0.012,83.9,"rain,snow",0.04,5,18.3,9.2,247.6,1017,88.6,13.9,0,0,0,10,"Snow, Rain, Partially cloudy",snow,
Basel,2024-11-22T18:00:00,32.1,24.7,25.8,77.3,0.004,83.9,"rain,snow",0,4.96,18.8,8.5,244.1,1018,78.5,15,0,0,0,10,"Snow, Rain, Partially cloudy",rain,
Basel,2024-11-22T19:00:00,32.4,26.2,24.7,72.85,0,83.9,"rain,snow",0,4.88,17,6.7,238.3,1019,99,14.9,0,0,0,10,"Snow, Rain, Overcast",rain,
Basel,2024-11-22T20:00:00,32.8,26.2,25.1,72.89,0,96.8,"rain,snow",0,4.8,15.7,7.4,241,1020,90.5,14.5,0,0,0,10,"Snow, Rain, Overcast",rain,
Basel,2024-11-22T21:00:00,33.3,26.3,25.8,73.49,0,96.8,"rain,snow",0,4.76,17.2,8.3,235.3,1021,100,14.5,0,0,0,10,"Snow, Rain, Overcast",rain,
Basel,2024-11-22T22:00:00,33.7,27.3,26.1,73.53,0,96.8,"rain,snow",0,4.69,17.7,7.4,231.5,1022,93.1,14.5,0,0,0,10,"Snow, Rain, Overcast",rain,
Basel,2024-11-22T23:00:00,33.9,28.6,26.5,74.1,0,96.8,"rain,snow",0,4.61,15,5.8,232.4,1023,95.8,14.5,0,0,0,10,"Snow, Rain, Overcast",rain,
Basel,2024-11-23T00:00:00,34.1,29.4,27,75.22,0.004,96.8,snow,0,4.53,12.3,5.1,232,1024,93.2,3.1,0,0,0,10,"Snow, Overcast",rain,
Basel,2024-11-23T01:00:00,34.2,30.4,27,74.68,0.012,96.8,snow,0,4.45,11,4.3,238,1024,95.5,1.9,0,0,0,10,"Snow, Overcast",rain,
Basel,2024-11-23T02:00:00,34.1,30.7,26.7,74.11,0.004,25.8,"rain,snow",0,4.41,9.2,3.8,226.6,1025,94.3,15,0,0,0,10,Overcast,cloudy,
Basel,2024-11-23T03:00:00,34.1,31.2,26.5,73.57,0.008,25.8,"rain,snow",0,4.37,7.8,3.4,215.1,1025,77.7,15,0,0,0,10,Partially cloudy,partly-cloudy-night,
Basel,2024-11-23T04:00:00,33.9,33.9,26,72.46,0.008,25.8,"rain,snow",0,4.29,6.9,2.2,192.6,1026,76.4,15,0,0,0,10,Partially cloudy,partly-cloudy-night,
Basel,2024-11-23T05:00:00,33.2,33.2,25.8,74.02,0.004,25.8,"rain,snow",0,4.25,4,2.2,160.5,1026,69.5,15,0,0,0,10,Partially cloudy,partly-cloudy-night,
Basel,2024-11-23T06:00:00,32.4,32.4,25.2,74.5,0,25.8,,0,4.25,4.3,2.7,165.7,1027,65.7,15,0,0,0,10,Partially cloudy,partly-cloudy-night,
Basel,2024-11-23T07:00:00,31,31,23.8,74.36,0,25.8,,0,4.21,4.3,2.7,159.9,1027,23,15,0,0,0,10,Partially cloudy,partly-cloudy-night,
Basel,2024-11-23T08:00:00,27.9,27.9,22.2,78.69,0,0,,0,4.21,4,2.9,194,1027,100,15,0,0,0,10,Overcast,cloudy,
Basel,2024-11-23T09:00:00,26.1,22.5,21.6,82.84,0,0,,0,4.21,6,3.1,186.6,1027,1.7,15,54,0.2,1,10,Clear,clear-day,
Basel,2024-11-23T10:00:00,29.9,29.9,22,72.03,0,0,,0,4.17,6.3,2,183.9,1027,63.2,15,175,0.6,2,10,Partially cloudy,partly-cloudy-day,
Basel,2024-11-23T11:00:00,35.1,35.1,24,63.46,0,0,,0,4.09,4,1.6,110.7,1027,69.9,15,282,1,3,10,Partially cloudy,partly-cloudy-day,
Basel,2024-11-23T12:00:00,37.1,34.7,23.3,56.94,0,0,,0,4.02,7.4,3.4,100.4,1026,87.3,0.6,332,1.2,3,10,Partially cloudy,fog,
Basel,2024-11-23T13:00:00,38.4,35.4,23.1,53.79,0,0,,0,3.9,8.7,4,97.9,1025,100,0.1,271,1,3,10,Overcast,fog,
Basel,2024-11-23T14:00:00,39.1,36.3,21.8,49.59,0,0,,0,3.78,8.9,4,93.8,1024,86.5,0.1,221,0.8,2,10,Partially cloudy,fog,
Basel,2024-11-23T15:00:00,39.3,36.9,20.4,46.33,0,0,,0,3.7,9.2,3.6,107.9,1024,100,0.1,160,0.6,2,10,Overcast,fog,
Basel,2024-11-23T16:00:00,38.7,36.5,19.8,46.24,0,0,,0,3.62,8.7,3.4,102,1024,100,2.2,70,0.3,1,10,Overcast,cloudy,
Basel,2024-11-23T17:00:00,37.7,34.8,20.4,49.36,0,0,,0,3.54,8.9,3.8,106.3,1024,100,15,0,0,0,10,Overcast,cloudy,
Basel,2024-11-23T18:00:00,37.3,35.2,22,53.62,0.004,0,rain,0,3.5,8.7,3.1,86.2,1023,99.5,15,0,0,0,10,Overcast,cloudy,
Basel,2024-11-23T19:00:00,36.4,33.9,22.2,55.98,0,0,,0,3.46,8.9,3.4,97.8,1023,100,15,0,0,0,10,Overcast,cloudy,
Basel,2024-11-23T20:00:00,36.8,36.8,21.8,54.36,0,0,,0,3.43,7.4,2.9,108.2,1023,100,15,0,0,0,10,Overcast,cloudy,
Basel,2024-11-23T21:00:00,37.3,37.3,21.6,52.81,0,0,,0,3.39,6.3,1.8,33.6,1023,100,15,0,0,0,10,Overcast,cloudy,
Basel,2024-11-23T22:00:00,37.1,37.1,22,54,0,0,,0,3.35,4.9,2,130.8,1023,100,15,0,0,0,10,Overcast,cloudy,
Basel,2024-11-23T23:00:00,37.3,37.3,22.9,55.69,0,0,,0,3.31,4.5,0.7,77.9,1023,100,15,0,0,0,10,Overcast,cloudy,
Basel,2024-11-24T00:00:00,37.1,37.1,24.2,59.13,0,0,,0,3.27,3.8,1.8,134.3,1022,99.7,15,0,0,0,10,Overcast,cloudy,
Basel,2024-11-24T01:00:00,36.8,36.8,24.9,61.8,0,0,,0,3.23,3.6,0,153.2,1022,95.7,15,0,0,0,10,Overcast,cloudy,
Basel,2024-11-24T02:00:00,36.4,36.4,24.5,61.75,0,0,,0,3.23,2,0.7,163.9,1022,88.5,15,0,0,0,10,Partially cloudy,partly-cloudy-night,
Basel,2024-11-24T03:00:00,35.7,35.7,24.3,63.06,0,0,,0,3.19,2.7,0.7,255,1023,100,15,0,0,0,10,Overcast,cloudy,
Basel,2024-11-24T04:00:00,36,36,24.9,63.58,0,0,,0,3.19,2.9,2,202.9,1023,64.7,15,0,0,0,10,Partially cloudy,partly-cloudy-night,
Basel,2024-11-24T05:00:00,38.2,38.2,26.5,62.46,0,0,,0,3.15,4,2.2,155.3,1022,78.6,15,0,0,0,10,Partially cloudy,partly-cloudy-night,
Basel,2024-11-24T06:00:00,39.6,39.6,28.5,64.05,0,0,,0,3.15,3.8,1.1,165,1022,97.6,15,0,0,0,10,Overcast,cloudy,
Basel,2024-11-24T07:00:00,39.8,39.8,29.6,66.47,0,0,,0,3.15,3.1,0.9,169.6,1022,68.4,15,0,0,0,10,Partially cloudy,partly-cloudy-night,
Basel,2024-11-24T08:00:00,39.5,39.5,30.5,69.92,0,0,,0,3.11,3.6,0.9,125.4,1023,94.8,15,0,0,0,10,Overcast,cloudy,
Basel,2024-11-24T09:00:00,39.5,39.5,30.8,70.95,0,0,,0,3.11,3.4,1.3,219.7,1023,36,15,45,0.2,0,10,Partially cloudy,partly-cloudy-day,
Basel,2024-11-24T10:00:00,41.3,41.3,31.5,68.12,0,0,,0,3.03,2.7,0.4,206.2,1023,45.7,0.1,152,0.5,2,10,Partially cloudy,fog,
Basel,2024-11-24T11:00:00,44.5,44.5,34.4,67.53,0,0,rain,0,2.95,2.5,1.1,207,1023,79.5,0,205,0.7,2,10,Partially cloudy,partly-cloudy-day,
Basel,2024-11-24T12:00:00,48.6,48.6,37.8,66.12,0,0,rain,0,2.87,3.1,0.4,51.9,1022,98.7,0,204,0.7,2,10,Overcast,cloudy,
Basel,2024-11-24T13:00:00,50.6,50.6,38.2,62.3,0,0,rain,0,2.8,4,1.6,23.8,1022,100,0,183,0.7,2,10,Overcast,cloudy,
Basel,2024-11-24T14:00:00,50.8,50.8,38.3,62.18,0,0,rain,0,2.74,3.9,1.7,47.1,1021.7,79.9,0,148,0.5,1,10,Partially cloudy,partly-cloudy-day,
Basel,2024-11-24T15:00:00,51,51,38.5,62.05,0,0,rain,0,2.69,3.7,1.9,70.3,1021.3,59.7,0,103,0.4,1,10,Partially cloudy,partly-cloudy-day,
Basel,2024-11-24T16:00:00,51.2,51.2,38.6,61.93,0,0,rain,0,2.64,3.6,2,93.6,1021,39.6,0,53,0.2,1,10,Partially cloudy,partly-cloudy-day,
Basel,2024-11-24T17:00:00,49.6,49.6,37.9,63.95,0,0,,0,2.59,4.1,2.2,105.1,1021,59.7,0,0,0,0,10,Partially cloudy,partly-cloudy-night,
Basel,2024-11-24T18:00:00,48,48,37.2,66.05,0,0,,0,2.53,4.6,2.3,116.5,1021,79.9,0,0,0,0,10,Partially cloudy,partly-cloudy-night,
Basel,2024-11-24T19:00:00,46.5,46.5,36.6,68.25,0,0,,0,2.48,5.1,2.5,128,1021,100,0,0,0,0,10,Overcast,cloudy,
Basel,2024-11-24T20:00:00,45.8,45.8,36.5,69.8,0,0,,0,2.47,4.5,2.3,128.5,1020.7,72.2,0,0,0,0,10,Partially cloudy,partly-cloudy-night,
Basel,2024-11-24T21:00:00,45.2,45.2,36.5,71.4,0,0,,0,2.45,4,2.2,129.1,1020.3,44.4,0,0,0,0,10,Partially cloudy,partly-cloudy-night,
Basel,2024-11-24T22:00:00,44.5,44.5,36.4,73.04,0,0,,0,2.44,3.4,2,129.6,1020,16.6,0,0,0,0,10,Clear,clear-night,
Basel,2024-11-24T23:00:00,44.5,44.5,36.1,72.18,0,0,,0,2.41,3.9,2.3,127.7,1019.7,20.2,0,0,0,0,10,Partially cloudy,partly-cloudy-night,
Basel,2024-11-25T00:00:00,44.5,44.5,35.8,71.33,0,0,,0,2.39,4.4,2.6,125.8,1019.3,23.8,0,0,0,0,10,Partially cloudy,partly-cloudy-night,
Basel,2024-11-25T01:00:00,44.5,44.5,35.5,70.49,0,0,,0,2.36,4.9,2.9,123.9,1019,27.4,0,0,0,0,10,Partially cloudy,partly-cloudy-night,
Basel,2024-11-25T02:00:00,44.5,44.5,35,69.16,0,0,,0,2.35,5,2.8,122.1,1018.3,24,0.1,0,0,0,10,Partially cloudy,fog,
Basel,2024-11-25T03:00:00,44.5,44.5,34.5,67.85,0,0,,0,2.34,5.1,2.8,120.4,1017.7,20.7,0.1,0,0,0,10,Partially cloudy,fog,
Basel,2024-11-25T04:00:00,44.5,44.5,34.1,66.57,0,0,,0,2.32,5.1,2.7,118.6,1017,17.3,0.1,0,0,0,10,Clear,fog,
Basel,2024-11-25T05:00:00,44,44,33.8,66.99,0,0,,0,2.31,5.1,2.7,123.3,1016.7,12.9,2.4,0,0,0,10,Clear,clear-night,
Basel,2024-11-25T06:00:00,43.5,43.5,33.5,67.41,0,0,,0,2.3,5.1,2.7,128,1016.3,8.6,15,0,0,0,10,Clear,clear-night,
Basel,2024-11-25T07:00:00,43.1,43.1,33.2,67.84,0,0,,0,2.28,5.1,2.7,132.7,1016,4.2,15,0,0,0,10,Clear,clear-night,
Basel,2024-11-25T08:00:00,44.6,44.6,33.6,65,0,19.4,,0,2.24,5.4,2.6,122,1015.3,21.3,15,0,0,0,10,Partially cloudy,partly-cloudy-day,
Basel,2024-11-25T09:00:00,46.2,46.2,34,62.31,0,19.4,,0,2.2,5.6,2.5,111.4,1014.7,38.5,1.4,41,0.1,0,10,Partially cloudy,partly-cloudy-day,
Basel,2024-11-25T10:00:00,47.7,47.7,34.4,59.74,0,19.4,,0,2.17,5.8,2.5,100.7,1014,55.6,0.1,89,0.3,1,10,Partially cloudy,fog,
Basel,2024-11-25T11:00:00,50.1,50.1,35.1,56.21,0,19.4,rain,0,2.09,6,2.7,97.7,1013,70.4,0,181,0.7,2,10,Partially cloudy,partly-cloudy-day,
Basel,2024-11-25T12:00:00,52.6,52.6,35.9,52.93,0,19.4,rain,0,2.01,6.1,2.9,94.7,1012,85.2,0.6,18,0.1,0,10,Partially cloudy,fog,
Basel,2024-11-25T13:00:00,54.9,54.9,36.6,49.88,0,19.4,,0,1.93,6.3,3.1,91.7,1011,100,0.6,44,0.2,0,10,Overcast,fog,
Basel,2024-11-25T14:00:00,55.2,55.2,37.6,51.35,0,67.7,rain,0,1.86,7,2.1,135,1010.7,100,0.6,130,0.5,1,10,"Rain, Overcast",rain,
Basel,2024-11-25T15:00:00,55.4,55.4,38.5,52.86,0,67.7,rain,0,1.8,7.8,1,178.4,1010.3,100,0.1,39,0.1,0,10,"Rain, Overcast",rain,
Basel,2024-11-25T16:00:00,55.7,55.7,39.5,54.4,0.031,67.7,rain,0,1.73,8.5,0,221.7,1010,100,0.1,5,0,0,10,"Rain, Overcast",rain,
Basel,2024-11-25T17:00:00,53.6,53.6,40.6,61.24,0,67.7,rain,0,1.6,15.4,2.5,228.3,1012,100,0.1,0,0,0,10,"Rain, Overcast",rain,
Basel,2024-11-25T18:00:00,51.5,51.5,41.6,68.98,0,67.7,rain,0,1.47,22.2,5.1,234.9,1014,100,0,0,0,0,10,"Rain, Overcast",rain,
Basel,2024-11-25T19:00:00,49.4,46.2,42.7,77.73,0.193,67.7,rain,0,1.34,29.1,7.6,241.5,1016,100,0,0,0,0,10,"Rain, Overcast",rain,
Basel,2024-11-25T20:00:00,49.1,46.4,41.5,74.89,0,71,rain,0,1.27,22.4,6.4,225.5,1017,99.5,0.1,0,0,0,10,"Rain, Overcast",rain,
Basel,2024-11-25T21:00:00,48.9,46.8,40.3,72.14,0,71,rain,0,1.21,15.7,5.2,209.5,1018,99,0.1,0,0,0,10,"Rain, Overcast",rain,
Basel,2024-11-25T22:00:00,48.6,47.3,39.1,69.47,0.012,71,rain,0,1.14,8.9,4,193.5,1019,98.5,0.1,0,0,0,10,"Rain, Overcast",rain,
Basel,2024-11-25T23:00:00,47.7,46.2,39,71.67,0,71,rain,0,1.12,10.4,4,209.3,1019.3,74.1,0.1,0,0,0,10,"Rain, Partially cloudy",rain,
Basel,2024-11-26T00:00:00,46.7,45.2,38.9,73.96,0,71,rain,0,1.09,11.9,3.9,225.2,1019.7,49.7,0.1,0,0,0,10,"Rain, Partially cloudy",rain,
Basel,2024-11-26T01:00:00,45.8,44.1,38.7,76.34,0,71,rain,0,1.06,13.4,3.8,241,1020,25.3,0.1,0,0,0,10,"Rain, Partially cloudy",rain,
Basel,2024-11-26T02:00:00,45.5,43.7,38.5,76.49,0,25.8,,0,1.04,11.8,3.9,239.2,1020.7,40.2,0.1,0,0,0,10,Partially cloudy,fog,
Basel,2024-11-26T03:00:00,45.2,43.3,38.3,76.64,0,25.8,,0,1.01,10.1,4,237.3,1021.3,55,0.1,0,0,0,10,Partially cloudy,fog,
Basel,2024-11-26T04:00:00,44.9,42.9,38,76.79,0,25.8,,0,0.98,8.5,4,235.5,1022,69.9,0.1,0,0,0,10,Partially cloudy,fog,
Basel,2024-11-26T05:00:00,37.8,34.8,37.8,100,0,25.8,,0,0.04,3.4,4,148.7,1026,81.5,0.1,0,0,0,10,Partially cloudy,fog,
Basel,2024-11-26T06:00:00,37.8,34.8,37.7,99.3,0,25.8,,0,0.04,3.4,4,149.7,1026,69.7,0.1,0,0,0,10,Partially cloudy,fog,
Basel,2024-11-26T07:00:00,37.8,34.6,37.5,98.6,0,25.8,,0,0.04,3.6,4.3,150.4,1025,98.5,0.1,0,0,0,10,Overcast,fog,
Basel,2024-11-26T08:00:00,38.9,36.4,38.4,98.14,0,12.9,,0,0.04,3.4,3.6,141.2,1025,99,0.1,18.3,0.1,0,10,Overcast,fog,
Basel,2024-11-26T09:00:00,39.9,39.9,39.3,97.69,0,12.9,,0,0.04,3.1,2.9,132.1,1025,99.5,0.1,36.7,0.1,0,10,Overcast,fog,
Basel,2024-11-26T10:00:00,40.9,40.9,40.2,97.25,0,12.9,,0,0.04,2.9,2.2,122.9,1025,100,0.1,55,0.2,1,10,Overcast,fog,
Basel,2024-11-26T11:00:00,42.4,42.4,41.4,96.37,0,12.9,,0,0.04,3.7,2.6,117.1,1024.3,91.8,0.2,107.7,0.4,1,10,Overcast,fog,
Basel,2024-11-26T12:00:00,43.9,43.9,42.7,95.51,0,12.9,,0,0.04,4.4,3,111.3,1023.7,83.7,0.2,160.3,0.6,2,10,Partially cloudy,fog,
Basel,2024-11-26T13:00:00,45.4,44.1,44,94.67,0,12.9,,0,0.04,5.1,3.4,105.5,1023,75.5,0.2,213,0.8,2,10,Partially cloudy,fog,
Basel,2024-11-26T14:00:00,44.9,43.4,43.7,95.31,0,9.7,,0,0.03,5.2,3.5,111.6,1023,83.7,0.2,190.3,0.7,2,10,Partially cloudy,fog,
Basel,2024-11-26T15:00:00,44.4,42.8,43.4,95.96,0,9.7,,0,0.01,5.3,3.7,117.6,1023,91.8,0.1,167.7,0.6,2,10,Overcast,fog,
Basel,2024-11-26T16:00:00,44,42.1,43.1,96.62,0,9.7,,0,0,5.4,3.8,123.7,1023,100,0.1,145,0.5,1,10,Overcast,fog,
Basel,2024-11-26T17:00:00,43.7,41.4,42.6,95.95,0,9.7,,0,0,5.7,4.3,130.8,1023,100,0.3,96.7,0.3,0,10,Overcast,fog,
Basel,2024-11-26T18:00:00,43.4,40.7,42.1,95.28,0,9.7,,0,0,6.1,4.7,138,1023,100,0.6,48.3,0.2,0,10,Overcast,fog,
Basel,2024-11-26T19:00:00,43.1,40,41.6,94.61,0,9.7,,0,0,6.5,5.1,145.1,1023,100,0.8,0,0,0,10,Overcast,fog,
Basel,2024-11-26T20:00:00,42.6,39.7,41.4,95.26,0,19.4,,0,0,5.5,4.8,144.6,1023,100,0.7,0,0,0,10,Overcast,fog,
Basel,2024-11-26T21:00:00,42.2,39.4,41.2,95.92,0,19.4,,0,0,4.5,4.5,144.1,1023,100,0.6,0,0,0,10,Overcast,fog,
Basel,2024-11-26T22:00:00,41.8,39.2,40.9,96.58,0,19.4,,0,0,3.6,4.3,143.6,1023,100,0.5,0,0,0,10,Overcast,fog,
Basel,2024-11-26T23:00:00,42.4,39.7,41.5,96.59,0,19.4,,0,0,4.1,4.4,144.7,1022.7,100,0.4,0,0,0,10,Overcast,fog,
Basel,2024-11-27T00:00:00,42.9,40.2,42,96.6,0,19.4,,0,0,4.6,4.5,145.9,1022.3,100,0.3,0,0,0,10,Overcast,fog,
Basel,2024-11-27T01:00:00,43.4,40.7,42.5,96.61,0,19.4,,0,0,5.1,4.7,147,1022,100,0.2,0,0,0,10,Overcast,fog,
Basel,2024-11-27T02:00:00,43.7,41.2,42.7,96.17,0,19.4,,0,0,4.6,4.5,143.2,1022,100,0.6,0,0,0,10,Overcast,fog,
Basel,2024-11-27T03:00:00,44,41.8,42.9,95.73,0,19.4,,0,0,4.1,4.3,139.4,1022,100,1,0,0,0,10,Overcast,cloudy,
Basel,2024-11-27T04:00:00,44.3,42.3,43.1,95.3,0.008,19.4,rain,0,0,3.6,4,135.6,1022,100,1.3,0,0,0,10,Overcast,cloudy,
Basel,2024-11-27T05:00:00,44.8,43.2,43.4,94.87,0,19.4,,0,0,3.3,3.7,139.9,1022.3,99.7,5.8,0,0,0,10,Overcast,cloudy,
Basel,2024-11-27T06:00:00,45.3,44.1,43.8,94.45,0,19.4,,0,0,3,3.3,144.1,1022.7,99.5,10.3,0,0,0,10,Overcast,cloudy,
Basel,2024-11-27T07:00:00,45.8,45.8,44.1,94.03,0.004,19.4,rain,0,0,2.7,2.9,148.4,1023,99.2,14.9,0,0,0,10,Overcast,cloudy,
Basel,2024-11-27T08:00:00,46.7,45.9,44.9,93.62,0,19.4,,0,0,2.8,3.1,149.2,1023.3,99.5,14.9,5,0,0,10,Overcast,cloudy,
Basel,2024-11-27T09:00:00,47.6,46.7,45.7,93.22,0,19.4,,0,0,3,3.2,149.9,1023.7,99.7,14.9,10,0.1,0,10,Overcast,cloudy,
Basel,2024-11-27T10:00:00,48.5,47.6,46.5,92.83,0.008,19.4,rain,0,0,3.1,3.4,150.7,1024,100,15,15,0.1,0,10,Overcast,cloudy,
Basel,2024-11-27T11:00:00,50.6,50.6,47.7,90.01,0,19.4,,0,0,3.1,2.7,216,1023.7,77.3,15,77,0.3,1,10,Partially cloudy,partly-cloudy-day,
Basel,2024-11-27T12:00:00,52.7,52.7,49,87.33,0,19.4,,0,0,3,2,281.3,1023.3,54.6,15,139,0.5,1,10,Partially cloudy,partly-cloudy-day,
Basel,2024-11-27T13:00:00,54.8,54.8,50.3,84.75,0,19.4,,0,0,2.9,1.3,346.6,1023,31.9,15,201,0.7,2,10,Partially cloudy,partly-cloudy-day,
Basel,2024-11-27T14:00:00,53.3,53.3,50,88.54,0,22.6,,0,0,2.2,1.2,239.5,1023.3,22.9,15,196.7,0.7,2,10,Partially cloudy,partly-cloudy-day,
Basel,2024-11-27T15:00:00,51.9,51.9,49.8,92.52,0,22.6,,0,0,1.6,1,132.5,1023.7,14,15,192.3,0.7,2,10,Clear,clear-day,
Basel,2024-11-27T16:00:00,50.4,50.4,49.5,96.71,0.004,22.6,rain,0,0,0.9,0.9,25.4,1024,5,15,188,0.7,2,10,Clear,clear-day,
Basel,2024-11-27T17:00:00,49.7,49.7,48.6,96.27,0,22.6,,0,0,1.6,1.8,68.9,1024.7,24.5,14,125.3,0.5,0,10,Partially cloudy,partly-cloudy-night,
Basel,2024-11-27T18:00:00,48.9,48.9,47.7,95.82,0,22.6,,0,0,2.4,2.7,112.5,1025.3,43.9,13,62.7,0.2,0,10,Partially cloudy,partly-cloudy-night,
Basel,2024-11-27T19:00:00,48.1,47,46.8,95.38,0,22.6,,0,0,3.1,3.6,156,1026,63.4,12.1,0,0,0,10,Partially cloudy,partly-cloudy-night,
Basel,2024-11-27T20:00:00,48.7,47.8,46.5,92.42,0,35.5,,0,0,3,3.4,166.7,1026.3,75.6,13,0,0,0,10,Partially cloudy,partly-cloudy-night,
Basel,2024-11-27T21:00:00,49.2,48.6,46.2,89.55,0,35.5,,0,0,2.8,3.1,177.3,1026.7,87.8,14,0,0,0,10,Partially cloudy,partly-cloudy-night,
Basel,2024-11-27T22:00:00,49.7,49.7,45.9,86.78,0,35.5,,0,0,2.7,2.9,188,1027,100,15,0,0,0,10,Overcast,cloudy,
Basel,2024-11-27T23:00:00,49.3,49.3,45.8,87.55,0,35.5,,0,0,2.4,2.5,188.8,1026.7,91.7,15,0,0,0,10,Overcast,cloudy,
Basel,2024-11-28T00:00:00,48.9,48.9,45.6,88.32,0,35.5,,0,0,2.1,2.2,189.7,1026.3,83.3,15,0,0,0,10,Partially cloudy,partly-cloudy-night,
Basel,2024-11-28T01:00:00,48.5,48.5,45.4,89.11,0,35.5,,0,0,1.8,1.8,190.5,1026,75,15,0,0,0,10,Partially cloudy,partly-cloudy-night,
Basel,2024-11-28T02:00:00,48.5,48.5,45.5,89.52,0,29,,0,0,2.3,2.5,184.8,1026.3,52.1,15,0,0,0,10,Partially cloudy,partly-cloudy-night,
Basel,2024-11-28T03:00:00,48.5,47.8,45.7,89.93,0,29,,0,0,2.8,3.1,179.1,1026.7,29.3,15,0,0,0,10,Partially cloudy,partly-cloudy-night,
Basel,2024-11-28T04:00:00,48.5,47.3,45.8,90.34,0,29,,0,0,3.4,3.8,173.4,1027,6.4,15,0,0,0,10,Clear,clear-night,
Basel,2024-11-28T05:00:00,47.5,46.5,44.9,90.91,0,29,,0,0,2.9,3.4,167.1,1027.3,5.9,15,0,0,0,10,Clear,clear-night,
Basel,2024-11-28T06:00:00,46.4,46.4,44.1,91.5,0,29,,0,0,2.5,2.9,160.7,1027.7,5.5,15,0,0,0,10,Clear,clear-night,
Basel,2024-11-28T07:00:00,45.4,45.4,43.2,92.1,0,29,,0,0,2,2.5,154.4,1028,5,15,0,0,0,10,Clear,clear-night,
Basel,2024-11-28T08:00:00,46.4,46.4,43.8,90.67,0,22.6,,0,0,1.9,2.2,126.4,1028.3,5,15,19.7,0.1,0,10,Clear,clear-day,
Basel,2024-11-28T09:00:00,47.3,47.3,44.3,89.26,0,22.6,,0,0,1.9,1.9,98.3,1028.7,5,15,39.3,0.1,0,10,Clear,clear-day,
Basel,2024-11-28T10:00:00,48.3,48.3,44.9,87.89,0,22.6,,0,0,1.8,1.6,70.3,1029,5,15,59,0.2,1,10,Clear,clear-day,
Basel,2024-11-28T11:00:00,49.9,49.9,45.8,85.61,0,22.6,,0,0,1.9,2,64.5,1028.7,16.7,15,132.3,0.5,1,10,Clear,clear-day,
Basel,2024-11-28T12:00:00,51.5,51.5,46.7,83.41,0,22.6,,0,0,1.9,2.5,58.6,1028.3,28.4,15,205.7,0.7,2,10,Partially cloudy,partly-cloudy-day,
Basel,2024-11-28T13:00:00,53.1,53.1,47.6,81.3,0,22.6,,0,0,2,2.9,52.8,1028,40.1,15,279,1,3,10,Partially cloudy,partly-cloudy-day,
Basel,2024-11-28T14:00:00,51.9,51.9,47.6,84.96,0,12.9,,0,0,2.4,3.1,57.8,1028,60.1,15,248.7,0.9,2,10,Partially cloudy,partly-cloudy-day,
Basel,2024-11-28T15:00:00,50.7,50.7,47.6,88.81,0,12.9,,0,0,2.8,3.2,62.9,1028,80,15,218.3,0.8,2,10,Partially cloudy,partly-cloudy-day,
Basel,2024-11-28T16:00:00,49.5,48.9,47.6,92.86,0,12.9,,0,0,3.1,3.4,67.9,1028,100,15,188,0.7,2,10,Overcast,cloudy,
Basel,2024-11-28T17:00:00,48.6,47.6,46.8,93.46,0,12.9,,0,0,3.2,3.5,84.9,1028.3,100,15,125.3,0.5,0,10,Overcast,cloudy,
Basel,2024-11-28T18:00:00,47.6,46.4,46,94.08,0,12.9,,0,0,3.3,3.7,102,1028.7,100,15,62.7,0.2,0,10,Overcast,cloudy,
Basel,2024-11-28T19:00:00,46.7,45.2,45.2,94.7,0,12.9,,0,0,3.4,3.8,119,1029,100,15,0,0,0,10,Overcast,cloudy,
Basel,2024-11-28T20:00:00,46,44.4,44.4,94.25,0,9.7,,0,0,3.4,3.8,117,1029,87.2,15,0,0,0,10,Partially cloudy,partly-cloudy-night,
Basel,2024-11-28T21:00:00,45.2,43.5,43.5,93.8,0,9.7,,0,0,3.4,3.8,115,1029,74.3,15,0,0,0,10,Partially cloudy,partly-cloudy-night,
Basel,2024-11-28T22:00:00,44.5,42.7,42.7,93.35,0,9.7,,0,0,3.4,3.8,113,1029,61.5,15,0,0,0,10,Partially cloudy,partly-cloudy-night,
Basel,2024-11-28T23:00:00,44.3,42.5,42.4,92.91,0,9.7,,0,0,3.3,3.7,118.5,1029,56.7,15,0,0,0,10,Partially cloudy,partly-cloudy-night,
Basel,2024-11-29T00:00:00,44,42.3,42,92.48,0,9.7,,0,0,3.2,3.7,123.9,1029,51.9,15,0,0,0,10,Partially cloudy,partly-cloudy-night,
Basel,2024-11-29T01:00:00,43.8,42.1,41.6,92.04,0,9.7,,0,0,3.1,3.6,129.4,1029,47.1,15,0,0,0,10,Partially cloudy,partly-cloudy-night,
Basel,2024-11-29T02:00:00,43.4,41.5,41.4,92.46,0,9.7,,0,0,3.3,3.7,131.3,1029.3,34.9,15,0,0,0,10,Partially cloudy,partly-cloudy-night,
Basel,2024-11-29T03:00:00,43.1,41,41.2,92.88,0,9.7,,0,0,3.4,3.9,133.2,1029.7,22.6,15,0,0,0,10,Partially cloudy,partly-cloudy-night,
Basel,2024-11-29T04:00:00,42.7,40.4,40.9,93.3,0,9.7,,0,0,3.6,4,135.1,1030,10.4,15,0,0,0,10,Clear,clear-night,
Basel,2024-11-29T05:00:00,42.4,40.1,40.7,93.72,0,9.7,,0,0,3.6,4,134.6,1030,8.6,15,0,0,0,10,Clear,clear-night,
Basel,2024-11-29T06:00:00,42.1,39.7,40.6,94.15,0,9.7,,0,0,3.6,4,134,1030,6.8,15,0,0,0,10,Clear,clear-night,
Basel,2024-11-29T07:00:00,41.8,39.4,40.4,94.58,0,9.7,,0,0,3.6,4,133.5,1030,5,15,0,0,0,10,Clear,clear-night,
Basel,2024-11-29T08:00:00,43.1,40.9,41.1,92.45,0,9.7,,0,0,4.4,4,132.4,1030,5.1,14.8,19.7,0.1,0,10,Clear,clear-day,
Basel,2024-11-29T09:00:00,44.4,42.4,41.8,90.38,0,9.7,,0,0,5.2,4,131.3,1030,5.3,14.7,39.3,0.1,0,10,Clear,clear-day,
Basel,2024-11-29T10:00:00,45.8,44,42.5,88.38,0,9.7,,0,0,6,4,130.2,1030,5.4,14.5,59,0.2,1,10,Clear,clear-day,
Basel,2024-11-29T11:00:00,47.9,46.3,43.2,83.74,0,9.7,,0,0,6,4.2,124.3,1029.7,23,14.7,134,0.5,1,10,Partially cloudy,partly-cloudy-day,
Basel,2024-11-29T12:00:00,50,48.6,43.9,79.41,0,9.7,,0,0,5.9,4.3,118.3,1029.3,40.5,14.8,209,0.7,2,10,Partially cloudy,partly-cloudy-day,
Basel,2024-11-29T13:00:00,52.1,52.1,44.5,75.34,0,9.7,,0,0,5.8,4.5,112.4,1029,58.1,15,284,1,3,10,Partially cloudy,partly-cloudy-day,
Basel,2024-11-29T14:00:00,51.2,51.2,44.8,78.78,0,16.1,,0,0,5.1,4.3,112.7,1029,43.9,15,253,0.9,3,10,Partially cloudy,partly-cloudy-day,
Basel,2024-11-29T15:00:00,50.3,50.3,45.1,82.39,0,16.1,,0,0,4.3,4.2,113.1,1029,29.7,15,222,0.8,2,10,Partially cloudy,partly-cloudy-day,
Basel,2024-11-29T16:00:00,49.4,48.1,45.4,86.17,0,16.1,,0,0,3.6,4,113.4,1029,15.5,15,191,0.7,2,10,Clear,clear-day,
Basel,2024-11-29T17:00:00,47.9,46.5,44.1,86.48,0,16.1,,0,0,3.6,4,120.3,1029.7,10.3,15,127.3,0.5,0,10,Clear,clear-night,
Basel,2024-11-29T18:00:00,46.5,44.8,42.8,86.8,0,16.1,,0,0,3.6,4,127.2,1030.3,5.2,15,63.7,0.2,0,10,Clear,clear-night,
Basel,2024-11-29T19:00:00,45,43.1,41.4,87.12,0,16.1,,0,0,3.6,4,134.1,1031,0,15,0,0,0,10,Clear,clear-night,
Basel,2024-11-29T20:00:00,44.5,42.5,40.8,86.89,0,22.6,,0,0,3.5,4,136.2,1031,0,15,0,0,0,10,Clear,clear-night,
Basel,2024-11-29T21:00:00,44,41.9,40.2,86.66,0,22.6,,0,0,3.4,4,138.2,1031,0,15,0,0,0,10,Clear,clear-night,
Basel,2024-11-29T22:00:00,43.4,41.3,39.6,86.43,0,22.6,,0,0,3.4,4,140.3,1031,0,15,0,0,0,10,Clear,clear-night,
Basel,2024-11-29T23:00:00,43.1,40.8,39.2,86.21,0,22.6,,0,0,3.4,4,142.8,1031.3,0,15,0,0,0,10,Clear,clear-night,
Basel,2024-11-30T00:00:00,42.7,40.4,38.8,85.98,0,22.6,,0,0,3.4,4,145.4,1031.7,0,15,0,0,0,10,Clear,clear-night,
Basel,2024-11-30T01:00:00,42.3,40,38.4,85.76,0,22.6,,0,0,3.4,4,147.9,1032,0,15,0,0,0,10,Clear,clear-night,
Basel,2024-11-30T02:00:00,42.1,39.8,38.3,86.15,0,22.6,,0,0,3.3,4,148.7,1032,0,15,0,0,0,10,Clear,clear-night,
Basel,2024-11-30T03:00:00,41.9,39.6,38.1,86.54,0,22.6,,0,0,3.2,3.9,149.4,1032,0,15,0,0,0,10,Clear,clear-night,
Basel,2024-11-30T04:00:00,41.6,39.4,38,86.94,0,22.6,,0,0,3.1,3.8,150.2,1032,0,15,0,0,0,10,Clear,clear-night,
Basel,2024-11-30T05:00:00,41.4,39.1,37.8,86.93,0,22.6,,0,0,3.2,3.9,148.3,1032,0.6,15,0,0,0,10,Clear,clear-night,
Basel,2024-11-30T06:00:00,41.3,38.8,37.7,86.92,0,22.6,,0,0,3.3,4,146.3,1032,1.3,15,0,0,0,10,Clear,clear-night,
Basel,2024-11-30T07:00:00,41.1,38.6,37.5,86.91,0,22.6,,0,0,3.4,4,144.4,1032,1.9,15,0,0,0,10,Clear,clear-night,
Basel,2024-11-30T08:00:00,42.6,40.6,38.1,84.18,0,22.6,,0,0,3.6,3.7,139.6,1032,1.3,15,19.7,0.1,0,10,Clear,clear-day,
Basel,2024-11-30T09:00:00,44.1,42.6,38.8,81.56,0,22.6,,0,0,3.8,3.4,134.9,1032,0.6,15,39.3,0.1,0,10,Clear,clear-day,
Basel,2024-11-30T10:00:00,45.6,44.6,39.5,79.05,0,22.6,,0,0,4,3.1,130.1,1032,0,15,59,0.2,1,10,Clear,clear-day,
Basel,2024-11-30T11:00:00,47.9,47.9,40.5,75.3,0,22.6,,0,0,3.6,2.8,120.2,1031.7,0,15,135,0.5,1,10,Clear,clear-day,
Basel,2024-11-30T12:00:00,50.3,50.3,41.5,71.78,0,22.6,,0,0,3.1,2.5,110.3,1031.3,0,15,211,0.7,2,10,Clear,clear-day,
Basel,2024-11-30T13:00:00,52.6,52.6,42.5,68.47,0,22.6,,0,0,2.7,2.2,100.4,1031,0,15,287,1,3,10,Clear,clear-day,
Basel,2024-11-30T14:00:00,51.5,51.5,43,72.58,0,22.6,,0,0,2.7,2.5,101.9,1031,0,15,257,0.9,3,10,Clear,clear-day,
Basel,2024-11-30T15:00:00,50.5,50.5,43.5,76.94,0,22.6,,0,0,2.7,2.7,103.4,1031,0,15,227,0.8,2,10,Clear,clear-day,
Basel,2024-11-30T16:00:00,49.4,49.4,44,81.57,0,22.6,,0,0,2.7,2.9,104.9,1031,0,15,197,0.7,2,10,Clear,clear-day,
Basel,2024-11-30T17:00:00,48.1,47.5,43.3,83.18,0,22.6,,0,0,2.8,3.1,115.7,1031.3,0,15,131.3,0.5,0,10,Clear,clear-night,
Basel,2024-11-30T18:00:00,46.8,45.9,42.5,84.84,0,22.6,,0,0,2.8,3.2,126.6,1031.7,0,15,65.7,0.2,0,10,Clear,clear-night,
Basel,2024-11-30T19:00:00,45.6,44.3,41.8,86.55,0,22.6,,0,0,2.9,3.4,137.4,1032,0,15,0,0,0,10,Clear,clear-night,
Basel,2024-11-30T20:00:00,45,43.7,41,85.72,0,9.7,,0,0,2.8,3.3,139.6,1032,0,15,0,0,0,10,Clear,clear-night,
Basel,2024-11-30T21:00:00,44.4,43.1,40.1,84.89,0,9.7,,0,0,2.8,3.2,141.9,1032,0,15,0,0,0,10,Clear,clear-night,
Basel,2024-11-30T22:00:00,43.8,42.5,39.3,84.06,0,9.7,,0,0,2.7,3.1,144.1,1032,0,15,0,0,0,10,Clear,clear-night,
Basel,2024-11-30T23:00:00,43.4,42,38.7,83.45,0,9.7,,0,0,2.8,3.3,143.3,1031.7,0,15,0,0,0,10,Clear,clear-night,
Basel,2024-12-01T00:00:00,43.1,41.4,38.2,82.84,0,9.7,,0,0,3,3.4,142.4,1031.3,0,15,0,0,0,10,Clear,clear-night,
Basel,2024-12-01T01:00:00,42.7,40.8,37.7,82.23,0,9.7,,0,0,3.1,3.6,141.6,1031,0,15,0,0,0,10,Clear,clear-night,
Basel,2024-12-01T02:00:00,42.5,40.6,37.4,82.21,0,9.7,,0,0,3.1,3.6,142.5,1031,0,15,0,0,0,10,Clear,clear-night,
Basel,2024-12-01T03:00:00,42.2,40.3,37.2,82.19,0,9.7,,0,0,3.1,3.6,143.5,1031,0,15,0,0,0,10,Clear,clear-night,
Basel,2024-12-01T04:00:00,42,40,36.9,82.18,0,9.7,,0,0,3.1,3.6,144.4,1031,0,15,0,0,0,10,Clear,clear-night,
Basel,2024-12-01T05:00:00,41.7,39.7,36.9,82.94,0,9.7,,0,0,3.1,3.6,144.9,1030.7,0,15,0,0,0,10,Clear,clear-night,
Basel,2024-12-01T06:00:00,41.4,39.3,36.8,83.7,0,9.7,,0,0,3.1,3.6,145.3,1030.3,0,15,0,0,0,10,Clear,clear-night,
Basel,2024-12-01T07:00:00,41.1,39,36.8,84.48,0,9.7,,0,0,3.1,3.6,145.8,1030,0,15,0,0,0,10,Clear,clear-night,
Basel,2024-12-01T08:00:00,42.6,41,37.4,81.45,0,19.4,,0,0,3.4,3.4,141.3,1030,0,15,19.3,0.1,0,10,Clear,clear-day,
Basel,2024-12-01T09:00:00,44.2,43,38,78.56,0,19.4,,0,0,3.6,3.1,136.8,1030,0,15,38.7,0.1,0,10,Clear,clear-day,
Basel,2024-12-01T10:00:00,45.8,45.8,38.6,75.8,0,19.4,,0,0,3.8,2.9,132.3,1030,0,15,58,0.2,1,10,Clear,clear-day,
Basel,2024-12-01T11:00:00,48.2,48.2,39.5,71.89,0,19.4,,0,0,3.8,3,126,1029.3,0,15,134.3,0.5,1,10,Clear,clear-day,
Basel,2024-12-01T12:00:00,50.6,50.6,40.5,68.24,0,19.4,,0,0,3.8,3.1,119.6,1028.7,0,15,210.7,0.7,2,10,Clear,clear-day,
Basel,2024-12-01T13:00:00,53,53,41.4,64.82,0,19.4,,0,0,3.8,3.1,113.3,1028,0,15,287,1,3,10,Clear,clear-day,
Basel,2024-12-01T14:00:00,51.8,51.8,42.1,69.34,0,22.6,,0,0,3.6,3.2,116.2,1027.7,0,15,257.3,0.9,3,10,Clear,clear-day,
Basel,2024-12-01T15:00:00,50.7,50.7,42.8,74.18,0,22.6,,0,0,3.4,3.3,119.2,1027.3,0,15,227.7,0.8,2,10,Clear,clear-day,
Basel,2024-12-01T16:00:00,49.5,48.9,43.4,79.37,0,22.6,,0,0,3.1,3.4,122.1,1027,0,15,198,0.7,2,10,Clear,clear-day,
Basel,2024-12-01T17:00:00,48.2,47.2,42.1,79.26,0,22.6,,0,0,3.2,3.5,129.8,1027,12.4,15,132,0.5,0,10,Clear,clear-night,
Basel,2024-12-01T18:00:00,46.8,45.4,40.7,79.15,0,22.6,,0,0,3.3,3.7,137.4,1027,24.9,15,66,0.2,0,10,Partially cloudy,partly-cloudy-night,
Basel,2024-12-01T19:00:00,45.4,43.7,39.3,79.03,0,22.6,,0,0,3.4,3.8,145.1,1027,37.3,15,0,0,0,10,Partially cloudy,partly-cloudy-night,
Basel,2024-12-01T20:00:00,44.9,43.2,38.2,77.16,0,29,,0,0,3.4,3.8,147.8,1027,26.5,15,0,0,0,10,Partially cloudy,partly-cloudy-night,
Basel,2024-12-01T21:00:00,44.4,42.6,37.1,75.32,0,29,,0,0,3.4,3.8,150.4,1027,15.8,15,0,0,0,10,Clear,clear-night,
Basel,2024-12-01T22:00:00,44,42.1,36,73.51,0,29,,0,0,3.4,3.8,153.1,1027,5,15,0,0,0,10,Clear,clear-night,
Basel,2024-12-01T23:00:00,43.6,41.6,35.6,73.3,0,29,,0,0,3.4,3.9,152.7,1026.7,3.3,15,0,0,0,10,Clear,clear-night,
Basel,2024-12-02T00:00:00,43.2,41.1,35.2,73.09,0,29,,0,0,3.4,4,152.3,1026.3,1.7,15,0,0,0,10,Clear,clear-night,
Basel,2024-12-02T01:00:00,42.9,40.6,34.8,72.88,0,29,,0,0,3.4,4,151.9,1026,0,15,0,0,0,10,Clear,clear-night,
Basel,2024-12-02T02:00:00,42.6,40.4,34.8,73.55,0,19.4,,0,0,3.4,4,151.6,1026,0,15,0,0,0,10,Clear,clear-night,
Basel,2024-12-02T03:00:00,42.4,40.1,34.8,74.23,0,19.4,,0,0,3.4,4,151.3,1026,0,15,0,0,0,10,Clear,clear-night,
Basel,2024-12-02T04:00:00,42.2,39.8,34.8,74.92,0,19.4,,0,0,3.4,4,151,1026,0,15,0,0,0,10,Clear,clear-night,
Basel,2024-12-02T05:00:00,41.9,39.7,34.6,75.08,0,19.4,,0,0,3.3,3.9,151.9,1026,1.7,15,0,0,0,10,Clear,clear-night,
Basel,2024-12-02T06:00:00,41.7,39.5,34.4,75.23,0,19.4,,0,0,3.2,3.7,152.7,1026,3.3,15,0,0,0,10,Clear,clear-night,
Basel,2024-12-02T07:00:00,41.4,39.4,34.2,75.39,0,19.4,,0,0,3.1,3.6,153.6,1026,5,15,0,0,0,10,Clear,clear-night,
Basel,2024-12-02T08:00:00,43.1,41.6,35,73.07,0,32.3,,0,0,2.8,3.2,150.5,1026,5,15,19,0.1,0,10,Clear,clear-day,
Basel,2024-12-02T09:00:00,44.7,44.7,35.8,70.85,0,32.3,,0,0,2.5,2.8,147.5,1026,5,15,38,0.1,0,10,Clear,clear-day,
Basel,2024-12-02T10:00:00,46.3,46.3,36.6,68.71,0,32.3,,0,0,2.2,2.5,144.4,1026,5,15,57,0.2,1,10,Clear,clear-day,
Basel,2024-12-02T11:00:00,48.6,48.6,37.6,65.65,0,32.3,,0,0,1.6,2,113.5,1025.3,5,15,133,0.5,1,10,Clear,clear-day,
Basel,2024-12-02T12:00:00,50.9,50.9,38.6,62.77,0,32.3,,0,0,1,1.6,82.5,1024.7,5,15,209,0.7,2,10,Clear,clear-day,
Basel,2024-12-02T13:00:00,53.1,53.1,39.6,60.06,0,32.3,,0,0,0.4,1.1,51.6,1024,5,15,285,1,3,10,Clear,clear-day,
Basel,2024-12-02T14:00:00,51.9,51.9,40.4,64.69,0,35.5,,0,0,0.9,1.3,71.2,1024,7,15,255,0.9,3,10,Clear,clear-day,
Basel,2024-12-02T15:00:00,50.6,50.6,41.1,69.69,0,35.5,,0,0,1.3,1.6,90.7,1024,9,15,225,0.8,2,10,Clear,clear-day,
Basel,2024-12-02T16:00:00,49.4,49.4,41.8,75.09,0,35.5,,0,0,1.8,1.8,110.3,1024,11,15,195,0.7,2,10,Clear,clear-day,
Basel,2024-12-02T17:00:00,48,48,41.5,78.15,0,35.5,,0,0,2.2,2.3,126.6,1024,14.9,15,130,0.5,0,10,Clear,clear-night,
Basel,2024-12-02T18:00:00,46.6,46.6,41.2,81.37,0,35.5,,0,0,2.5,2.8,142.9,1024,18.8,15,65,0.2,0,10,Clear,clear-night,
Basel,2024-12-02T19:00:00,45.2,43.9,40.9,84.74,0,35.5,,0,0,2.9,3.4,159.2,1024,22.7,15,0,0,0,10,Partially cloudy,partly-cloudy-night,
Basel,2024-12-02T20:00:00,44.8,43.4,40.1,83.35,0,29,,0,0,2.9,3.4,158.2,1024.3,17.9,15,0,0,0,10,Clear,clear-night,
Basel,2024-12-02T21:00:00,44.4,43,39.2,81.97,0,29,,0,0,2.9,3.4,157.2,1024.7,13.2,15,0,0,0,10,Clear,clear-night,
Basel,2024-12-02T22:00:00,44,42.5,38.4,80.6,0,29,,0,0,2.9,3.4,156.2,1025,8.4,15,0,0,0,10,Clear,clear-night,
Basel,2024-12-02T23:00:00,43.7,42.1,38.2,80.96,0,29,,0,0,3,3.4,155.5,1024.7,11.2,15,0,0,0,10,Clear,clear-night,
Basel,2024-12-03T00:00:00,43.4,41.7,38,81.32,0,29,,0,0,3.1,3.5,154.7,1024.3,13.9,15,0,0,0,10,Clear,clear-night,
Basel,2024-12-03T01:00:00,43.1,41.2,37.8,81.68,0,29,,0,0,3.1,3.6,154,1024,16.7,15,0,0,0,10,Clear,clear-night,
Basel,2024-12-03T02:00:00,42.8,41,37.7,81.85,0,19.4,,0,0,3.1,3.5,152.8,1024,23,15,0,0,0,10,Partially cloudy,partly-cloudy-night,
Basel,2024-12-03T03:00:00,42.6,40.8,37.5,82.03,0,19.4,,0,0,3,3.4,151.7,1024,29.3,15,0,0,0,10,Partially cloudy,partly-cloudy-night,
Basel,2024-12-03T04:00:00,42.3,40.6,37.3,82.2,0,19.4,,0,0,2.9,3.4,150.5,1024,35.6,15,0,0,0,10,Partially cloudy,partly-cloudy-night,
Basel,2024-12-03T05:00:00,42.2,40.3,37.2,82.38,0,19.4,,0,0,3.1,3.5,149,1023.7,25.4,15,0,0,0,10,Partially cloudy,partly-cloudy-night,
Basel,2024-12-03T06:00:00,42,39.9,37.1,82.57,0,19.4,,0,0,3.2,3.7,147.6,1023.3,15.2,15,0,0,0,10,Clear,clear-night,
Basel,2024-12-03T07:00:00,41.8,39.6,36.9,82.75,0,19.4,,0,0,3.4,3.8,146.1,1023,5,15,0,0,0,10,Clear,clear-night,
Basel,2024-12-03T08:00:00,43.1,41.2,37.3,79.96,0,9.7,,0,0,3.6,3.6,139.8,1023,5,15,18,0.1,0,10,Clear,clear-day,
Basel,2024-12-03T09:00:00,44.3,42.9,37.7,77.29,0,9.7,,0,0,3.8,3.4,133.5,1023,5,15,36,0.1,0,10,Clear,clear-day,
Basel,2024-12-03T10:00:00,45.6,44.6,38,74.72,0,9.7,,0,0,4,3.1,127.2,1023,5,15,54,0.2,1,10,Clear,clear-day,
Basel,2024-12-03T11:00:00,47.7,47,38.5,70.18,0,9.7,,0,0,4,3.1,117.2,1022.3,5,15,129.3,0.5,1,10,Clear,clear-day,
Basel,2024-12-03T12:00:00,49.9,49.5,39,65.97,0,9.7,,0,0,3.9,3.1,107.1,1021.7,5,15,204.7,0.7,2,10,Clear,clear-day,
Basel,2024-12-03T13:00:00,52.1,52.1,39.5,62.05,0,9.7,,0,0,3.8,3.1,97.1,1021,5,15,280,1,3,10,Clear,clear-day,
Basel,2024-12-03T14:00:00,50.7,50.7,39.8,65.92,0,12.9,,0,0,3.6,3.2,98.7,1021,5,15,251.3,0.9,3,10,Clear,clear-day,
Basel,2024-12-03T15:00:00,49.4,48.8,40.1,70.04,0,12.9,,0,0,3.4,3.3,100.2,1021,5,15,222.7,0.8,2,10,Clear,clear-day,
Basel,2024-12-03T16:00:00,48.1,47.2,40.4,74.44,0,12.9,,0,0,3.1,3.4,101.8,1021,5,15,194,0.7,2,10,Clear,clear-day,
Basel,2024-12-03T17:00:00,46.4,45.3,39.4,76.22,0,12.9,,0,0,3.1,3.4,111.2,1021.3,5,15,129.3,0.5,0,10,Clear,clear-night,
Basel,2024-12-03T18:00:00,44.8,43.4,38.3,78.06,0,12.9,,0,0,3,3.4,120.5,1021.7,5,15,64.7,0.2,0,10,Clear,clear-night,
Basel,2024-12-03T19:00:00,43.1,41.5,37.3,79.96,0,12.9,,0,0,2.9,3.4,129.9,1022,5,15,0,0,0,10,Clear,clear-night,
Basel,2024-12-03T20:00:00,42.5,40.9,36.3,78.79,0,9.7,,0,0,2.8,3.2,132,1022.3,5,15,0,0,0,10,Clear,clear-night,
Basel,2024-12-03T21:00:00,41.9,40.4,35.4,77.62,0,9.7,,0,0,2.8,3.1,134.2,1022.7,5,15,0,0,0,10,Clear,clear-night,
Basel,2024-12-03T22:00:00,41.3,41.3,34.4,76.46,0,9.7,,0,0,2.7,2.9,136.3,1023,5,15,0,0,0,10,Clear,clear-night,
Basel,2024-12-03T23:00:00,40.8,40.8,33.8,75.88,0,9.7,,0,0,2.7,3,140.7,1023,3.3,15,0,0,0,10,Clear,clear-night,
Basel,2024-12-04T00:00:00,40.4,38.8,33.2,75.29,0,9.7,,0,0,2.7,3.1,145.2,1023,1.7,15,0,0,0,10,Clear,clear-night,
Basel,2024-12-04T01:00:00,40,38.2,32.6,74.71,0,9.7,,0,0,2.7,3.1,149.6,1023,0,15,0,0,0,10,Clear,clear-night,
Basel,2024-12-04T02:00:00,39.7,37.7,32.3,74.68,0,16.1,,0,0,2.8,3.3,149.3,1023.3,0,15,0,0,0,10,Clear,clear-night,
Basel,2024-12-04T03:00:00,39.4,37.2,32,74.65,0,16.1,,0,0,3,3.4,148.9,1023.7,0,15,0,0,0,10,Clear,clear-night,
Basel,2024-12-04T04:00:00,39.1,36.7,31.7,74.62,0,16.1,,0,0,3.1,3.6,148.6,1024,0,15,0,0,0,10,Clear,clear-night,
Basel,2024-12-04T05:00:00,38.9,36.4,31.7,75.32,0,16.1,,0,0,3.1,3.6,149.3,1024.3,0.3,15,0,0,0,10,Clear,clear-night,
Basel,2024-12-04T06:00:00,38.6,36.2,31.7,76.03,0,16.1,,0,0,3,3.6,150,1024.7,0.5,15,0,0,0,10,Clear,clear-night,
Basel,2024-12-04T07:00:00,38.4,35.9,31.7,76.75,0,16.1,,0,0,2.9,3.6,150.7,1025,0.6,15,0,0,0,10,Clear,clear-night,
Basel,2024-12-04T08:00:00,39.9,38.1,32.4,74.34,0,25.8,,0,0,2.8,3.1,146.5,1025.3,2.1,15,18,0.1,0,10,Clear,clear-night,
Basel,2024-12-04T09:00:00,41.4,41.4,33.1,72.03,0,25.8,,0,0,2.6,2.7,142.4,1025.7,3.5,15,36,0.1,0,10,Clear,clear-day,
Basel,2024-12-04T10:00:00,42.9,42.9,33.7,69.81,0,25.8,,0,0,2.5,2.2,138.2,1026,5,15,54,0.2,1,10,Clear,clear-day,
Basel,2024-12-04T11:00:00,45.3,45.3,34.4,65.41,0,25.8,,0,0,2.2,1.7,118.7,1026,5,15,129.3,0.5,1,10,Clear,clear-day,
Basel,2024-12-04T12:00:00,47.8,47.8,35.2,61.34,0,25.8,,0,0,1.9,1.2,99.1,1026,5,15,204.7,0.7,2,10,Clear,clear-day,
Basel,2024-12-04T13:00:00,50.3,50.3,35.9,57.58,0,25.8,,0,0,1.6,0.7,79.6,1026,5,15,280,1,3,10,Clear,clear-day,
Basel,2024-12-04T14:00:00,49.2,49.2,36.6,61.67,0,19.4,,0,0,1.9,1.3,98,1026,5,15,251,0.9,3,10,Clear,clear-day,
Basel,2024-12-04T15:00:00,48.1,48.1,37.3,66.06,0,19.4,,0,0,2.2,2,116.3,1026,5,15,222,0.8,2,10,Clear,clear-day,
Basel,2024-12-04T16:00:00,47,47,38,70.77,0,19.4,,0,0,2.5,2.7,134.7,1026,5,15,193,0.7,2,10,Clear,clear-day,
Basel,2024-12-04T17:00:00,45.8,44.8,38.1,74.22,0,19.4,,0,0,2.8,3.1,139.7,1026.7,5,15,128.7,0.5,0,10,Clear,clear-night,
Basel,2024-12-04T18:00:00,44.6,43,38.1,77.86,0,19.4,,0,0,3.1,3.6,144.8,1027.3,5,15,64.3,0.2,0,10,Clear,clear-night,
Basel,2024-12-04T19:00:00,43.4,41.3,38.2,81.7,0,19.4,,0,0,3.4,4,149.8,1028,5,15,0,0,0,10,Clear,clear-night,
Basel,2024-12-04T20:00:00,42.8,40.9,37.6,81.66,0,29,,0,0,3.1,3.7,152.9,1028.3,4.1,15,0,0,0,10,Clear,clear-night,
Basel,2024-12-04T21:00:00,42.2,40.6,37,81.61,0,29,,0,0,2.9,3.3,156,1028.7,3.2,15,0,0,0,10,Clear,clear-night,
Basel,2024-12-04T22:00:00,41.6,41.6,36.4,81.57,0,29,,0,0,2.7,2.9,159.1,1029,2.3,15,0,0,0,10,Clear,clear-night,
Basel,2024-12-04T23:00:00,41.4,39.9,36.2,81.36,0,29,,0,0,2.8,3.1,158.7,1029,1.5,15,0,0,0,10,Clear,clear-night,
Basel,2024-12-05T00:00:00,41.3,39.6,35.9,81.16,0,29,,0,0,2.8,3.2,158.4,1029,0.8,15,0,0,0,10,Clear,clear-night,
Basel,2024-12-05T01:00:00,41.1,39.2,35.7,80.95,0,29,,0,0,2.9,3.4,158,1029,0,15,0,0,0,10,Clear,clear-night,
Basel,2024-12-05T02:00:00,41,38.8,35.5,80.75,0,29,,0,0,3.1,3.6,155.9,1029.3,0,15,0,0,0,10,Clear,clear-night,
Basel,2024-12-05T03:00:00,40.8,38.5,35.3,80.55,0,29,,0,0,3.2,3.8,153.9,1029.7,0,15,0,0,0,10,Clear,clear-night,
Basel,2024-12-05T04:00:00,40.7,38.1,35.1,80.35,0,29,,0,0,3.4,4,151.8,1030,0,15,0,0,0,10,Clear,clear-night,
Basel,2024-12-05T05:00:00,40.4,37.9,35,80.71,0,29,,0,0,3.3,4,151.9,1030,0,15,0,0,0,10,Clear,clear-night,
Basel,2024-12-05T06:00:00,40.1,37.6,34.8,81.07,0,29,,0,0,3.2,3.9,151.9,1030,0,15,0,0,0,10,Clear,clear-night,
Basel,2024-12-05T07:00:00,39.8,37.3,34.6,81.43,0,29,,0,0,3.1,3.8,152,1030,0,15,0,0,0,10,Clear,clear-night,
Basel,2024-12-05T08:00:00,41.4,39.4,35.3,78.69,0,25.8,,0,0,3.1,3.5,147.9,1030.3,0,15,17,0.1,0,10,Clear,clear-night,
Basel,2024-12-05T09:00:00,43,41.5,35.9,76.07,0,25.8,,0,0,3.1,3.2,143.7,1030.7,0,15,34,0.1,0,10,Clear,clear-day,
Basel,2024-12-05T10:00:00,44.5,44.5,36.6,73.57,0,25.8,,0,0,3.1,2.9,139.6,1031,0,15,51,0.2,1,10,Clear,clear-day,
Basel,2024-12-05T11:00:00,46.9,46.9,37.6,69.93,0,25.8,,0,0,3.1,2.6,134.3,1030.7,0,15,124,0.5,1,10,Clear,clear-day,
Basel,2024-12-05T12:00:00,49.3,49.3,38.6,66.52,0,25.8,,0,0,3,2.3,129.1,1030.3,0,15,197,0.7,2,10,Clear,clear-day,
Basel,2024-12-05T13:00:00,51.7,51.7,39.6,63.32,0,25.8,,0,0,2.9,2,123.8,1030,0,15,270,1,3,10,Clear,clear-day,
Basel,2024-12-05T14:00:00,50.5,50.5,40.2,67.76,0,22.6,,0,0,2.8,2.2,121.3,1030,0,15,242.3,0.9,2,10,Clear,clear-day,
Basel,2024-12-05T15:00:00,49.3,49.3,40.8,72.52,0,22.6,,0,0,2.6,2.3,118.9,1030,0,15,214.7,0.8,2,10,Clear,clear-day,
Basel,2024-12-05T16:00:00,48.1,48.1,41.4,77.62,0,22.6,,0,0,2.5,2.5,116.4,1030,0,15,187,0.7,2,10,Clear,clear-day,
Basel,2024-12-05T17:00:00,46.8,46.8,41.1,80.44,0,22.6,,0,0,2.8,2.9,128.9,1030.3,0,15,124.7,0.5,0,10,Clear,clear-night,
Basel,2024-12-05T18:00:00,45.5,44.2,40.7,83.39,0,22.6,,0,0,3.1,3.4,141.5,1030.7,0,15,62.3,0.2,0,10,Clear,clear-night,
Basel,2024-12-05T19:00:00,44.1,42.3,40.4,86.47,0,22.6,,0,0,3.4,3.8,154,1031,0,15,0,0,0,10,Clear,clear-night,
Basel,2024-12-05T20:00:00,43.7,41.7,39.4,84.64,0,35.5,,0,0,3.3,3.8,154.8,1031.3,0,15,0,0,0,10,Clear,clear-night,
Basel,2024-12-05T21:00:00,43.2,41.2,38.3,82.85,0,35.5,,0,0,3.2,3.8,155.6,1031.7,0,15,0,0,0,10,Clear,clear-night,
Basel,2024-12-05T22:00:00,42.7,40.6,37.3,81.07,0,35.5,,0,0,3.1,3.8,156.4,1032,0,15,0,0,0,10,Clear,clear-night,
Basel,2024-12-05T23:00:00,42.2,40.1,37,81.42,0,35.5,,0,0,3.1,3.8,155.1,1032,0,15,0,0,0,10,Clear,clear-night,
