y,X1,X2,X3
-2.9357100657060067,-0.748827465569452,0.567594726027765,0.7181505425518439
0.21613522580630293,-0.9993807492735187,0.47489832293698464,-1.86849981325055
0.48784636198832193,-0.20265890716555396,-1.1342480262783414,-0.8076993401971515
-3.279544927981087,-1.2760773521443496,0.5536263953389848,0.5538744704318675
-2.4331999792360257,-0.6912004453327776,0.37558230644359847,0.26127255313537523
-0.011494577776690162,-0.12845175433344264,2.158170199583578,-0.8408786171398601
-2.32944612372862,0.01430509071313689,-0.3823870292955589,-0.37178001463042154
-1.3360884452938833,0.15941200409147932,-0.29439570018964456,-0.8604267600922381
-0.9113442764253268,0.12422749795973094,1.1823316467539853,0.9427663799784999
-1.1798376999543958,0.2030444884087107,-0.735396813798929,0.18642960039946957
-1.2991500620151752,1.084643023345939,1.191189262326987,0.35968705956639585
-1.6392946635252215,-0.3643572001662182,-0.20275274943287133,0.7720459273385046
0.857309641295489,0.6863462148712504,-1.7576996121379838,0.6586175647922772
0.414779587558599,0.7112883400295278,-0.8871914250052731,-0.7649811162236813
-0.2772289759606701,-0.7571640981176355,-0.6802628025228472,-1.4167495871942342
-0.7409618601562651,0.31309192955194687,-0.7857193987675104,-0.07038383609128987
1.518641183293371,-0.49756878304899554,0.25517752139669,-1.0106170360719506
1.8189144091870917,0.24526537489646627,0.3897810159436931,0.8275945851986286
3.7248100211859976,1.9677690893906574,-2.092101770254218,0.3203143343731366
0.9138694890582104,-0.7091628416067399,-1.9250586729111605,0.8416306233066554
1.948752919230199,1.3321998838949054,-0.3916277104992575,0.21091629622201072
0.832115704599081,-0.06407674016315698,0.43419766809319615,0.8805357489235972
-1.1824756915064207,0.3449373356933971,0.34576992946015894,1.2597365428716338
0.8092518477098604,-0.16466222217661836,0.9230645712989498,-0.8220004221915188
-0.1326467484093048,1.6070849467167019,0.7378253923729058,-0.40375953389145974
-2.425735203091267,-2.1145481470896668,-0.00031071713115009796,-1.1818094087707498
-0.45180769722141834,0.2996346031797468,1.4511688228004755,0.16005979279648896
-2.2990911162686865,-0.17801261432452362,0.3422054039958589,0.28565019610987497
-3.449621532365234,-2.3628641084522477,0.24093686407051298,0.6202773561176965
-2.1428025925361283,-0.25934163429270696,0.9785590781405097,-0.1276745745829966
-1.7259149690678706,0.7669987624804099,2.2731051070621544,-0.09639112902647187
-4.029503340598578,-1.942132165918247,-0.3365917240756086,-1.7258900047900703
-4.505194741370794,0.6112378264403967,1.3093509740330906,0.6958796617175403
-3.688291220781608,0.3203082127462699,-0.6449254575247576,1.5756497459664778
-0.8363502208909966,0.7532762119993187,0.2844695567295501,0.20486031904657026
-0.6946830399119174,0.11162735865000575,0.45221642395941064,-0.6133271790616038
-0.03588422183631004,1.5252499340034205,0.15233975287394327,0.6000544504725007
1.2816284325652285,-0.43356727766942654,0.3749185335734271,-2.28175242630648
-1.0134103298329362,-1.118298878458158,-0.03141315318646248,-1.3224731100566671
1.2050640851051397,2.439414063865167,-1.6680813139093884,0.34590074903593754
-0.384931596120858,1.655773153474168,0.4812870594120847,-0.31022755338137453
-2.8142508469372,-0.5521440838327852,0.6732554887726439,-0.8002706810425464
-2.2948561709710154,-0.11948610980875449,0.6911986057180803,-0.30787902657630095
-0.2720090978786173,0.08751001018871311,-0.30408629254901026,-0.969797603506867
0.14647483803714784,1.1891504847221441,1.3930662405829926,-0.31669995390335576
-0.8594910213040579,-0.26557615867858203,-0.177899338979872,0.5388032736257815
1.2128061155220253,-0.9053002652415295,-0.08852530555259044,0.2629590551691457
1.8550898322350748,0.6420421493872466,-2.78083727488142,0.40340320956851217
1.5968950642699895,0.34584676191908337,1.0077282366996336,-0.5262640152206957
3.0474036467752867,-0.5183532052690668,1.2025165866697032,-1.563156706149209
-0.2513002503919044,1.6290902913813994,2.5558944592278263,0.47745168470488547
-0.03049261910193468,0.8140984735766132,-1.489581707099344,-0.6945597866975727
1.169707429275044,1.0578625471721022,0.3618153469822339,-0.18142746302677085
-0.9640947617751208,0.2328691323395445,0.5069764843202665,-0.2930957010870337
-0.06782804520284601,-0.028945944976738743,-0.036307374798934554,-1.0522789814109392
-0.9118928565936417,0.32359462795910116,1.8035859146130904,1.7319621301861923
-0.9710742921352573,-1.4763992958517587,0.5706312198767373,0.6755037809057729
2.7257534931778697,-0.4105104628236417,-0.9642000347123947,-1.3208143141716482
1.821157641978302,-0.44470377885003143,0.35000913660721295,-0.1580581757672565
1.4177563832085995,-0.6109330882631577,-1.2491566313508997,0.35071625838829684
0.5886102080172021,1.0665424469694555,-0.9269219720344919,0.448428964148724
-1.0382044785470088,-1.8794752439104008,-0.6574661089412417,0.7296041195157613
-1.402545940093288,-1.1177672093896212,-0.6044367248124309,1.417966828436699
-2.3359157246217315,-0.7328439802525423,-0.8539448192292642,0.5758483619306721
1.091309875505274,1.954733563155294,-0.2396699472941186,0.7687358603185999
1.544914245514956,1.3457691801150062,0.3255521628805719,-0.26991790118506015
-1.1457316067599734,-0.8763267386254864,-1.4252109609210646,1.1117017451038067
-1.0515572283981123,0.18095714574188698,1.332800942422933,0.988925316349704
-2.2016048319918227,-0.6169705200276151,-1.1868866999003547,0.4126695829369163
-1.107585239306013,-0.632506884341217,0.3766891410007215,-0.7311519376614082
-1.678377655519477,-0.8612252531972743,-0.14099080954071416,0.9341006204079838
-0.7785549478377454,0.3065398953135771,1.1783751486717822,-1.2335617030552273
-1.837321992160094,-1.0570771415322984,-0.08916369916031532,2.1657013832930687
-0.762034749178247,0.6742861135623731,-1.066612742044729,-0.07614045295770798
-3.1943381009247847,0.22071479080125825,-0.5686857455610084,0.6132749910565054
-1.7301975858606162,-0.15644613816480613,-0.2993307182096708,1.2602567871924792
-1.8380554940709475,-1.709660902160285,-0.9618053417846936,-0.8173089814407803
-1.8223584082469602,-0.847681069998698,-0.7287530452913753,0.48847595789082054
-0.40812761249707286,1.0965328284103468,0.9160412606558886,-1.019562126529009
-3.1344455953079198,-0.10741789856987378,0.4522652134748237,0.24000295228544274
0.38314167103774965,1.3057473995092346,-0.6753342355440102,0.156319421100823
-0.7464435386299649,-0.39323071490608835,0.2510750190895232,-1.0788969126896963
0.5108905066898445,-0.928937720957575,-0.7301108597884869,-0.5636693111550467
1.7822527017499172,1.5479232656327633,1.1754019142954315,-0.21264967071394325
0.4986394192985754,0.1729332942095047,-1.594436018110398,-0.17929234655146434
-1.6647238000343012,0.15961471331172736,1.1456842134012242,0.3268047196749653
-1.7977457209021537,0.4328900587755523,0.2977628897504623,0.26900118967212827
-4.269257435236048,-1.3967591759349756,-0.41675766834030037,1.4348867985415426
0.6504230852130398,0.823896442609245,0.49423449906514094,0.06671530922405998
1.7932607927450754,0.6594413957456623,-0.9448894089528124,-1.5800595620137574
0.6034466940088012,-0.3820865522349683,0.5379230577237781,0.10782988226861115
-0.32327651408476227,1.01395867884495,0.35145051656046883,0.044842196214342094
0.09312859296058609,1.327484954015637,1.1323757784574673,-0.09809130121944236
0.0831129395340855,-1.1030498610160777,-0.9073614922555138,-0.16145113828415342
-0.27313457035809663,-0.36681138365245114,1.6577623298806503,-1.6801341489446313
0.5889426404340623,-0.06425778688921284,-1.0662264873982346,0.1168018689130513
-1.1340372841752453,0.38226483289201113,-0.4048969744139054,0.5304814136815165
-2.09566074758555,-0.19862694050629412,-0.1793956127561702,-0.41788872541891064
-1.6394302688870188,0.6508242887315826,0.13850146370624752,1.573239629782792
0.7074227887301028,1.2700248768243845,0.5537746075705778,-2.1594416461000474
-1.28986628598206,-1.4843283120406374,0.9862505727898264,-0.4756385595250576
-2.4315092499636473,0.23484375767829108,-0.6304753999997247,0.5178866305162447
0.5174583591943921,0.9579899440945053,-1.2096277395856172,-0.8135714254875379
1.7285597513328284,-1.6637284133317123,0.23340731182876998,-1.6652804208298235
-1.3950863098988868,-0.3660816948986407,0.5196111465328022,2.0580929346749612
-0.03234800603524923,0.3684183422874519,1.2528847419749227,0.2591588425597657
0.4015115388273115,0.30924340938501466,-0.210922897773194,-0.38327013290363465
-2.0400829067564157,1.174378151542696,0.37467435282496664,0.3362963448845564
-2.8119122015293945,-0.6081752604310665,-0.3450417314284374,2.0674904829790592
-2.56911634977601,-0.06750183042827537,1.3261680595919987,-0.5202517113340795
-1.5697057087471553,0.8015441715482821,0.28979559884561235,-0.40371310534313537
0.27182175216838556,0.6485628985444821,-1.5434439088924747,0.5746214289211681
-1.5730078584587264,0.786903221911645,0.27307318811269254,1.310923696503857
-0.3345391026738101,-0.06810045469356894,-0.14913918465115597,0.3550395291080001
1.2407395066215166,0.8677062527201732,0.5698405144524853,-0.22661307466260003
-0.22178006993023924,-0.9952278451786465,0.6634792559463168,-0.7895712742731404
-1.9707483618251207,-0.8182753679602661,-0.6546431760426943,0.057708806756984116
-1.1985836531720737,-0.7962964642905049,-1.1356880367850306,-0.6588419444577848
0.4334632464346502,-0.1833318104609036,0.45428446814507467,0.06726691076374067
-3.185539514765971,-1.0804620952488755,0.2286621315710562,0.32275552139599994
-0.9973436293193292,-0.45496319041455213,-0.7962460588279633,-0.7966301540623809
-1.8449631260265802,-0.5318123168455532,2.214242036435874,-0.8890724087905467
-0.5335642178512287,0.2659991671788799,-0.7141025963729193,-0.5059831157853202
-0.9782923459088937,-0.7061364393964027,0.8012023859065722,0.37910782854330577
0.5233877608307203,-0.12934380114080415,0.5029349466497697,0.7434656952738399
-0.23146868096342432,-0.8507150464015061,0.5472524131830305,-0.7176316844216134
0.8169315598915003,0.837935227193522,0.7401984793865525,0.40370305069677687
0.5099967704652464,-0.20992634122403558,-0.5261092631211002,-0.26362869867309485
0.6817331868028712,0.7691547640535308,-0.6823310456676803,0.04967123997034232
-1.231255793825809,-1.7476291693217696,0.26037465852430103,-1.0355284174209507
-2.8882834981716474,-1.3181367318350532,0.5187148819406414,0.21033753013380974
-4.049791509813778,-0.4433774896480074,-0.3020956757693075,2.271033767456694
-2.810586898777188,-0.1941442930229669,-0.2012160282775899,0.6523052791547445
-1.607232517060667,0.08721233726835421,0.9874284497575734,0.2774488018821426
-0.18233212272091176,0.7610891425383822,0.44333041298483306,0.6453037648236415
0.1678341277964731,-0.042652969846177974,0.22252777726910358,-0.27103549320058984
-0.5955832104338876,0.6041695073863402,-1.3460386845653458,0.7261362898880562
1.784610684461619,0.9980253502222085,0.74176177791472,-0.10409771951661516
1.566718779283419,0.505229211106964,-0.7765786679437585,0.8371022139010417
-1.0279055353417705,-1.0992152905917023,0.5937311212495301,0.5326573946133885
-0.772698327601464,0.40672783626369546,-0.4470836442472603,0.7601662329675437
-2.126178944875323,-1.8372648625636412,0.777221812367959,0.19143790953291445
-0.08108282191589189,1.0509586725418538,0.20004898491654666,1.8381901467597117
-0.045449360823313634,-0.941819333448146,0.6094073185015682,-0.8860044891557212
-0.38547574701752807,-0.126386180454225,0.7423725876426749,0.625430326210501
0.2518560346736553,2.079538680357677,-0.35140673336349937,1.286001344146182
0.9562198445137491,-0.25430018713019203,-0.7009000882846989,-1.622953561417024
0.7821452996689744,0.16267062590215062,-0.5213056056161282,0.8475173698289039
-0.5561562583846744,-0.5284007549344323,-0.4766015575819446,0.3546552764309387
0.642418706924396,1.7212157981393923,-1.0886498809361485,1.0176128047319954
0.015344096345925373,0.8741052997953694,-0.22094597036843394,0.6754162850183403
-1.0991843084640818,-0.284276426327477,2.37138845402525,-0.11209529175507846
-0.5953635569687629,0.08041409355266435,-0.3257916091508248,-1.693454047511539
-4.424340368299369,-0.2631533798781893,0.23203697153890715,1.500922621656731
-2.595390672594418,0.4919571277965661,-0.189382187732697,0.05994319274761793
-1.8894241046877451,0.3273403664082984,-0.3789660585789339,0.6822370168028621
-0.3899135553435534,1.6250881580866812,-0.36314873849553675,1.2075302658503617
-0.7378398383236262,0.876326304231321,0.5372448610538645,0.1119256185568647
-0.11649188804498967,0.33778387098271057,-0.21739317387180876,1.8368685037265968
-1.880923530986028,-0.7184031557554633,1.1349446942859343,1.5497217212656154
-0.8871578450357207,-0.3231343328226999,1.1658469592921084,0.14398134623101064
0.5526793269687478,0.06235978863550315,-0.07456369283612095,-1.613731100542421
-0.1544325588852173,0.5479239582517051,1.4435517643517461,-0.7047204226246058
1.2623080241843847,0.8473386580790396,-0.0852053922937219,-1.0926892749774142
1.0248149840966962,0.9978899657197836,1.6860368312962442,-0.7942523588696101
-0.5074017879297827,0.21580169553287368,-1.4397357076793509,-0.04200731857123523
-0.43448654629386163,0.4860664028432633,1.7529096058434601,1.5575737161261245
0.2782176538309611,1.6424983415632208,-0.5270919418720428,-0.24516506849901573
-0.7814124118039318,-1.6643054249219367,-0.7151555084189788,-1.4518292018451076
0.0592783931336458,0.36553689663724154,-0.6969900047912437,-1.101422269814973
-2.2314458193797675,-0.3554144359006804,-1.1848769559294434,0.3090168197876328
-0.715025818474641,0.2844474940234366,-0.3157125900577396,-0.7306754804134263
-2.9615952052807453,-1.3394413748455674,0.55535660524804,0.22872073993543648
-0.717169791289602,0.46431546412244346,-0.30643538095264716,-0.21792350558140203
0.8572081903989426,1.4419991487763029,-0.6005848654989371,-0.31264402255808427
2.380648585406795,0.7438920828651489,0.3029112965556297,-2.0466222070664988
-0.9790776771352276,-1.6878867300316678,-0.6608312666100944,0.9102996644453665
-0.8289356230801597,0.6716730776826834,0.5195233607499855,0.6277440963358235
-1.1158163230039118,-0.9689447546225224,0.6010470932505538,-0.9212836967225428
-0.20105553833835932,0.9472992017721052,-0.5105651342140736,0.28162607810668
-2.2320827659470335,-1.8744984037190169,-1.3488889122053853,1.090677437887579
0.8498844037582063,0.6917438701869101,-1.2179367733207993,1.2855917224139994
1.1857578398411812,-1.090784428818142,0.019961103904332523,-0.48010062186615227
-1.9435490569572769,-0.9234151966211207,1.1679405615385783,1.6849814956242684
-0.9695242677417839,0.17827421709765698,1.5259989168626682,-0.2812150531893959
-2.4845755475300018,0.1083085983823543,0.1314892563946184,-1.1567088886237218
-2.4713303376119367,0.4994568924625311,0.7096931401623692,-0.1734736346413268
-3.252532587773505,-1.691751168112843,0.3677054943710771,-1.515013514150283
-2.431680975188968,-0.8112698336357715,0.13142129245031492,-0.7696624643237536
0.2856216776562534,0.25367665054517463,-0.2262102548964797,-1.6304965107410547
-1.3211357343964945,0.16797156107851,0.5865796802865407,1.0124002428118812
0.03450957955878653,-0.3665680747669453,-0.06148367873520642,-1.4951086693398008
0.5746519340378387,1.9648894053392907,1.505008189349684,-0.03183401761355125
-0.6504409858065905,-0.1248417726449547,-2.9302228443679765,1.035262562912749
0.06425048191092572,0.5628611811572876,0.812811870496868,-0.40524815529942676
-4.22078905499877,-0.46942882506336664,-1.2354186458203336,0.7780097301850001
-2.1659733144881756,1.2521538786984636,1.1238828767630464,0.18725757600835297
-1.271222512353978,-0.3266517021675272,-1.0519704233661038,-0.7017505196308544
-2.5681554148653403,0.4675504736350222,-0.2845533754008734,1.641404184735519
0.6922243728756197,1.1523560308243272,-0.6018091321161564,-1.2156620643350033
-0.4165198266586683,-0.5484183427711675,1.0653829464364948,-0.5239224081217192
-0.7395761457512116,0.5459879851665007,-0.5658801192271726,0.3431641570234438
0.7274999307278271,0.5281419733529799,0.9858332455845462,1.4332401305797497
2.0194909425787064,1.310228934807935,-0.5301715091727704,-0.14701873614404276
-0.423986606109527,-1.1735250952083474,-0.23568528753446685,0.024317144864591727
-0.903014613576158,-0.40395993492943094,-0.5035845684495059,1.0320801777524604
0.6190235416474438,0.9074829450907496,0.39912204785204475,-1.2775106035629524
-2.3229147810666975,0.20093089950023382,-0.38423157094000376,1.315727460797091
-2.1312868574771064,-1.8022907466733604,-0.5588236912996468,-0.5866503082535667
0.31867620443537276,-0.46657403195990266,0.9575787484971386,-2.3523584111768514
-1.2161876146665562,-0.20805217622988054,0.8507206741174647,0.9801175060083599
-0.13537829300863946,-0.549077860540066,-0.679778149342087,0.34621357347270776
2.197697249221618,0.15103669025071986,0.0694031150272569,-3.801378196860991
-2.7407363376190133,-1.1271722049031339,-0.863223062848507,0.6430098619590356
-2.6722025691441864,-1.4407597046690717,-1.04662756086045,-0.15438400593240165
-0.7369526057080391,-1.2875951767798524,0.6428539051809659,-0.3914036798086067
2.2063922717088214,1.832905932294317,-0.6297187170588883,-0.5762832031665642
0.2910695190860908,0.8044382892693089,-0.6553369266664799,1.5115683204421728
-0.050885232018713394,0.48291494227225784,-0.30387993944381264,-0.16079799707707773
0.8974297319233643,2.850707737117589,0.4886543589979511,0.15047701594142976
-1.5256120829656994,-0.13257675518338724,1.0371620326802644,-1.518326313799268
-0.9968965830762593,-0.18118802296682254,-2.8336574560135026,-0.533407625911667
-1.6645579908623676,0.847926812910694,1.3822308388552174,0.605970238180039
-0.3546423425417662,0.6399685914977417,-1.7159014899546312,-0.678373811394933
1.1832418643331035,1.474405015912123,-0.5238600104841304,-0.1359824020931157
-1.7388798424148757,-0.8055619863576818,-0.933751485490244,-0.47026922647970437
-2.8217824113670282,-0.661055965927149,0.9575017958168417,0.215369597889294
-2.4555633050370105,1.0188838264435174,-1.387237503327094,1.2254531482040572
-3.5091497002389525,0.021456224044905343,1.8393483841259441,-0.052776138360648865
-2.940875838826239,-1.4934018146629204,1.2842206278738375,-0.1364882381235323
-4.434234298743705,-2.1521150796668893,0.14519468136970404,0.23122812585811972
0.25847421050185726,1.0761127433286186,-3.5874938312144575,1.1488694751112953
-0.6155541574869767,-0.4745967547419668,1.9262479079208592,-1.7182810008406593
-0.28729588142649665,0.5453389019207187,0.411718830755267,-0.422114730260586
-0.33553918488445905,-0.7738059051086779,-0.37374502771110296,-0.3467202905624426
-1.3503630045729595,-1.2534380064376893,0.9929921700512451,-1.0922003464320973
1.460661616389218,1.0231909777800074,-1.7889345652509228,-0.17718978019187487
-1.3083846642923604,-0.1623065330357974,-0.01579437194355793,0.9562958796793082
0.37766679326554603,-0.20234721995776053,-0.4579294102836994,-0.19932758486072275
1.158696040207801,0.9810068555697485,-1.2056069481346936,-1.0206684998064623
-1.3728985685098736,-1.9566982524232808,2.0272486958864038,-1.1597447282824545
-0.6613127013104162,-1.885431655871733,-0.8088991386454156,-0.6124552480518545
0.6085584986818919,1.465456001240402,-0.4648992255753021,0.29176928070937597
-1.5633786808575008,-1.7907798047252304,0.2079834917816728,-1.6487962447192448
-0.5702205344640515,-0.31359504883286077,-0.7598709809829328,0.05827149716642897
0.553133641131578,0.6344087061386305,-1.335895950798125,-1.1364184282224241
-1.2468348589937308,0.193589005944582,0.6872857108024943,1.417375195094796
-2.632580921726729,-0.47189173035268167,-1.4914786749108953,0.186625719560586
-4.124211873773982,-0.794643717887957,-0.9244201975664809,1.4081770743652862
-0.8706434881685745,0.6187168100871239,-0.7280778642763331,-0.018711535341657138
0.6777306707410817,-0.08567698812090879,0.16509561783379112,-0.40593961335790624
0.37676912499526427,-1.9000625276370466,-0.9763501750055934,-0.5319965852547925
-0.43044883762663333,0.02811176626622418,-1.08229436218015,0.18628493789408118
-1.2927604434251225,-0.38127146118407806,-0.7594751018898269,-1.2702761239644262
-1.2049351246349274,0.44649141639144774,0.4242433858229793,0.8002208817889809
-1.2910297675004576,0.5492882256302678,0.6241344547945086,0.3820786196601318
-0.3207376187059565,-1.7584096786004588,-0.2791188794463528,-1.4323824617568983
-0.16783083065666138,1.3692120754930326,-0.014013724706417307,1.2697558454851914
-1.095340923963578,-1.0303222917839858,-0.09186921589268413,0.26337424970889284
1.2143939560513743,-0.33090214560351394,0.1877893997499208,1.482163456708382
-0.0611354835695177,-1.031913422999302,-2.6379224872883786,1.6006241393333227
-1.2496212104068076,-0.7916622366385611,1.1224996962225864,0.6519133002708244
0.28445326796415576,-0.21668679803272145,0.38034478964435503,-1.1405342643634924
-0.8386907619918216,0.08589715439278962,0.5940402047853834,-0.7743327263365275
-1.389495663903552,-0.38029109711168085,0.31259351975132244,1.3232737096546197
-0.45781542547999393,-0.0031548398727755888,-0.4306598446089692,-0.14641577453445143
0.9238388704209607,1.160175947005379,-0.6415123358314557,-0.300232397105865
-0.4812587603140839,-0.6322607782348555,-0.20431653477724301,0.21369560233776932
1.7399321236297485,1.0338782015211176,-2.1245752847438957,0.5554889157620354
-1.0847179240353197,-0.8915898824001487,0.5930700051303133,1.2396349893012046
-1.2275008026555008,0.9955950119998253,0.1579587801589276,0.8344989339590665
-3.659537500252715,-0.9433839363906805,-0.06783008579806996,1.5194710966809868
-0.44815272475902335,-0.7892555297763586,0.19726916503940956,-0.3691753722778006
-1.1832760524753168,-0.19510847021258867,0.4060711951465114,-0.26951890521340593
-0.6631989645027935,-0.003409146538131313,-0.5045832696124614,-1.8250283251709292
-2.8274398817021744,0.19309412822875205,0.43947003665123624,1.3821734642040504
0.6300918925462957,-0.13186546313703731,-1.3947085314093688,-0.7540081940732426
-1.7950625982630983,0.5403923453392317,-0.08452951063307515,0.27929088415876474
-3.7496623845307497,-0.3530801384877145,1.8698089140811711,1.7279880112814927
-3.1151580994256127,-0.9315956254532881,0.9090309931108516,0.30406238981478706
-3.681841207032956,0.013559525289671644,-0.8596879893441806,1.6215306334476487
-2.412434602738957,1.1652583411657258,-1.4571000526191356,1.3834913082593199
-2.4601317075191367,-0.03837827035238455,-0.5977905740428394,-0.976577764577765
-1.405597501104781,0.9448203118607358,0.3998955214355069,-0.8741463202683905
-2.055953596917279,-0.8110977883309515,-0.38752310361359904,-0.5125060456403828
-1.3703560086851363,0.5277803121526269,0.3787369930838098,-0.6356499028604752
-4.134106449797625,-1.6575094247749238,-1.3339992668497576,0.8700555088304502
-0.07073024733164779,-0.9948104735409704,0.11113519887059527,-1.7631575338020977
-1.3682913610795078,0.39705983566300446,1.9195264055710193,-1.3280672310020856
-1.1591601671559877,0.5496972691147225,0.2724619331146089,0.9178839461541413
-2.121754483813167,-0.13124031933566202,0.27282494206526486,0.18197412814946928
-0.22630620487697686,0.5728428189707594,-0.8391127050236458,0.1924487613844936
0.30527071128209515,0.8103255974845255,1.1679905914246114,0.4957289155236749
-1.6755822836381489,-1.131956533961282,-1.55357817552007,0.40862556084060986
-3.2408853367192623,-1.011643753172907,0.8443346060858782,-0.2877843635611198
-1.0541751535794122,1.0116159433929806,2.12581662460879,-0.06232267519153661
-0.01987934170378347,-0.11600038646897386,1.013492949202779,1.0639050277896922
1.9897335655687418,1.701608168112745,0.1965696193161701,-0.6328669583423246
0.41649611534748954,0.00771365725419405,-0.6236291931197636,0.23980970342870894
-0.6113116792978892,-0.8682396878669727,0.9020064563182728,0.6974901545879407
0.8140958512614076,0.1390333039176673,0.02557654675594081,-0.1964429181811256
-0.34855841198699083,1.3122552035216337,1.1874174826896131,0.14571685457777803
-1.5248129162536008,-0.8566498771059953,-1.176848319189612,0.28762071303773584
-0.9160897077097536,-0.6380619374163954,0.4759338723761218,-0.3866955373697608
-1.088331626056684,0.7737543592386107,0.20741524447887036,0.9980530619517543
-2.3015047315407076,-2.233905252294292,-0.227050245824866,2.216788133266835
-2.8883319999603003,-2.5031610117369376,0.8426522172851623,0.41800374076894203
0.21122243557422937,1.2857010543492353,-0.17359179552562834,1.1903544390528793
1.527116016812423,1.2169058041387777,0.19678009270144395,-1.1640118783694828
0.4402803994067802,0.9130045340818803,-0.9734369952851704,-0.13737657056441324
1.2897089455837392,0.9469082441625268,1.0920677064906987,-0.3479589732049755
1.642270521548493,0.6269829363737798,-1.542536613885471,-0.4723809012694099
-0.9248783688524589,1.4689188959237782,1.3433880478461098,0.6692138364157875
-0.44067524800652014,-0.14183448580853825,0.8472603166461764,-0.023228192037787348
1.221712327366709,0.16822860749339733,0.08838290840610988,-0.7755203060617992
0.11726847167890003,0.7259248113193764,-1.069947260575109,0.7758448541897583
0.8378563391235743,-0.960602470571919,-0.7220757158974855,-2.8408473558032754
-1.942810337255998,-0.15608345174169724,0.18918897492935852,0.827072508053467
-0.4971796866950905,1.3108760096986793,-1.4902134278294323,0.9848274870798956
-0.6458485913017326,-0.46403425360015677,-0.07206009820763162,-0.10526835557242196
-1.6195333094024769,-0.44951467081969376,-0.8899110568829337,0.2792167152139877
-1.2963414056680738,0.8111450446561498,-1.2597717127599937,-0.01945875637332236
-2.7762131522063505,-0.6290122546867031,1.0959217778185861,0.4935795469446793
-1.8763235363711286,1.5087051144253556,-1.5487650014491352,1.034196600361161
-1.194992828220196,0.1626654104885733,-0.7251734497952682,0.4892034935587032
-1.3634051569754024,1.5660332728275252,1.6046141246729158,0.8222182042566056
-3.8039227935558557,-0.991604685820878,0.30986345342253446,0.34242257607998683
-1.212682955063101,1.2420166226436282,-0.1648751790198756,0.015571783015878514
-2.02269643491743,-0.6535086929310902,0.6680873206370499,-0.21541048915385103
-0.6921114271549018,0.18597858875558868,-0.4695500128838926,0.04723961373241767
-1.1563261963142946,-1.0804130049769942,0.16088916682544768,-0.6025752242276486
0.5919567769596623,0.6993285544282427,1.8474534185045268,0.8457012421214739
0.3291660168263123,-1.1199225138336157,-0.35929671589850365,-1.6096950841174666
0.8781107945866913,0.013570061891976485,-1.7742235493872753,-1.2013773057044526
0.8425836019339289,1.096256790339018,0.8610368544463314,-1.5203671239665197
-1.7410162550459154,-0.44744016384508256,0.4634872549244044,0.39249325801069357
-1.2583676911004065,-1.6271671972083832,0.26000968216384135,-0.6078526308245681
0.3981813100138506,1.1986679049459128,-0.20017977265103762,0.3592874704222705
1.2735847815947299,-0.10912060748110732,0.6664444603181788,-0.7680694210097152
-2.4132604933139534,0.6682532946789748,1.2089628200073759,1.8355606479067832
-0.5323678809688394,1.5837896109571394,-0.5361218336838077,0.5771497234685808
-1.6956204408927606,0.8074972376516372,0.5900448553493571,0.7534784673878884
-0.20307014630699788,0.4239436135929929,-0.5452554077679013,0.2071105534304293
0.2212053405085428,0.8467867012998639,0.46160539323076794,-1.0963535051766442
-2.896606641852646,-0.8776182767499237,-0.4092416167420198,-0.20481350154436742
-1.691700607856228,0.15727322840385663,-0.9770945033042303,0.7949558341062909
-3.1245942307981975,-1.8575643242699849,0.5287016862705646,0.5065334276200213
1.5182846232015905,0.644098654133265,-3.0669876329246666,-1.349275484416141
-1.9337079125242544,-0.3526960174070213,0.16828203780485995,-0.08139140208529341
-0.5732846810035674,-0.813746599970635,1.2830439867695729,0.32402949958940275
-0.4240499913415136,-0.3947549188231793,-0.9875715303389617,0.06821328991726196
0.2875089454028707,1.258700440768004,0.03517982742396543,-0.032047433171445455
-1.1966473564613134,0.06628239464487327,0.12061586768592264,-0.23318657463445638
-3.508104053857618,-0.9728550052681931,1.5290143091171458,0.6374926022597396
-1.2753594396667016,2.117133396499012,0.49755594196754055,-0.23129194350345134
-1.9112031642746008,-0.945836680830284,-0.32999577217436477,-1.152942951749021
-1.506478442170716,2.0978406761011907,-0.017031709497609814,0.7860566080994885
-0.6618027037576499,0.9619686558171991,1.0809151324642843,2.547869783635755
-2.1070562420894077,-0.09541189653632087,-0.18186206419679415,0.16448029197680414
-1.7740225930956517,0.7485415287601163,0.17887710931673828,-0.26885126734807674
-2.1217464570043525,-0.7159373954349632,-0.7743494839237722,0.26947268336039604
-0.988687324097872,-0.9988782499350921,-1.8140325985648686,0.11523952975326392
-0.6660821010940481,1.1626299176367487,0.6618109506348047,-0.017887840581994642
1.0357454307205316,0.40300183238618303,-1.6471157029611447,-0.6896401644574376
-0.05236017509003754,1.6780687092918196,1.184118747595956,-0.7115726710364101
0.9385581375839872,1.7543122584142423,-0.7178908918135632,-0.8231920384715771
2.0618871633809963,1.5359175681673771,1.307740053379758,-0.5885595026031588
-1.0662078618950868,-0.04908882458397935,-0.34169998149172376,0.5041385551044657
0.6919108510173272,1.5673919184672251,0.5321545423629521,-0.11390441158897109
-0.38941762701964794,-1.346300009243742,0.7779631319183593,-1.2229471489491086
-3.8911705398018785,-0.18713306849562902,0.9582356438322627,0.8112254601483228
-1.8859630121697801,0.8387132753247712,0.6989212351823921,0.1458594613837427
-0.6317826341030949,0.3021546244217711,0.0920702647204346,0.4825774322224879
-0.5792188639440681,0.5352364410049112,0.13332849219530085,0.5138141224640587
-2.024674273316034,-0.684821028359514,-0.30695667774888535,0.23049856102367294
0.9471341922840131,1.92351298256754,0.5289908441296284,-0.13473594673016337
-1.3965319683027402,-0.220223861801263,0.7441655087469387,-0.09726131934254258
0.5150592741438319,0.6373809855455995,0.5116040560932082,-1.2460779672000444
-0.5882798618083577,0.4727850227216749,0.4656238140107664,0.7966678681054704
-2.2891793258783935,-0.8370833878319596,1.0941101001320168,-0.16679749129024285
0.8612791320717048,1.9882743333680895,1.7524329545580741,-0.6080601917118509
-2.149660354114125,-1.36921859489701,0.6972424445758336,-0.8199690336079428
-0.8999980063867049,1.1475075230778675,0.5298618776070972,-1.453608991147572
-1.994686749615248,0.7820642441934978,0.13725091856077007,0.41211162392746375
-1.423481996671435,1.5240465997988104,-0.12992216206212254,0.7580217313831278
-1.3567007226698067,-0.5983886703421485,-0.5738049282801106,-0.21814751367315194
-1.3995060002066309,-0.6203814024150773,0.5678614983385143,-1.3234362658012644
0.08269799670800138,0.8295471443189064,-0.7615285872916671,0.377704563816253
-1.8567093668969865,-1.1874332614721435,0.4777323737584165,1.0840074959436148
-1.746186674225287,0.00977117294194641,1.548682238777974,-0.13990735194170767
0.3221304702239844,0.4113677518798839,-0.9254669730976067,0.4384309028244546
-0.4758461265069618,-0.5681392927117446,-0.7203913135896711,1.580103607920915
-1.3310405906534868,-1.2702208551738379,-0.11476845717851916,0.7127902640786932
-0.2830263524179679,0.234070906216228,-1.847326992907105,0.6039092696727824
-3.004833836262212,-1.3789989584072906,-0.44325194864561407,-0.24424265253432287
-4.192081509107349,-2.9200293203145584,-0.10590056483626414,0.6658773971612504
-3.34684980657388,-0.17008442603377225,0.18492981340062184,2.2617868537858277
-2.1213892908000505,1.1254402330183642,0.059385817711858885,2.5870088285630093
-0.4761867352487459,-0.6363710243991318,0.5196771080607744,-1.576623902906904
-0.2371344496497078,0.39832800502420895,-0.11141030941231621,0.06079326681873964
1.6036005925569334,0.370481394978644,0.28000391499230254,-1.0726272421496699
0.5096509238269584,-0.3833451365939972,0.0060607139816623344,-1.42917561103508
-1.1020729158437925,0.8025694505032944,1.8828823097500855,0.30354353457744826
-0.7694886949369377,-0.5277131651201175,-2.301924461118349,-1.520908256311917
-1.5070845194911708,0.3392288640154119,1.2624365367975052,-0.2200843690272319
-0.48523279376769873,-1.4872412677395503,-0.871025244123121,-0.5722287475770127
-3.7962639169461445,-1.9325473636492654,-0.3105662354800219,0.892386758354133
-1.3798960162113507,-1.6817819157169585,-0.5596400528006676,-2.024304275464286
-2.5302350523715744,-0.8191493432863268,-0.1480440290312527,1.021206212509489
0.015732302380451646,0.4557086335819363,-1.183447701412052,0.09398130952015568
-0.24278848675711895,-0.3339334113361991,-0.01287012804787971,-0.19949482764965581
-0.08265528986645987,0.3133720677491042,0.1811126366207718,0.8664334817905881
-1.2939757469786495,0.11659188666982555,1.6899307106005974,0.5192261838833757
1.2067928995509911,1.47831033460733,0.7202500230967406,-0.6727857361619115
2.7942966849285407,1.2429178970824466,1.1841771283478413,-2.8720586092656153
-3.0877032319385456,-0.5484453451715633,1.442759106990805,1.0543880391754223
-2.571353876096021,-1.4604175091188767,0.8587618152385667,1.7272349012495698
0.6167243134358666,0.6066984230387682,-1.4758561756145618,-0.7838153341442157
-1.9456548522643664,0.40050437497472957,-0.21553496319514956,1.2776626762061136
-3.8891704170550474,0.7312487356497058,1.9631776765405726,1.020616912064627
-3.9709048975943313,0.5525373473003229,-0.3143343188329431,1.4044617629579554
-0.08897440178039845,0.005498343638950076,-1.0259000683061799,0.04817082349761754
-1.7896957389251114,-0.09185557833082025,-0.9935401897080857,0.8278384794786713
-1.4304707731355373,-0.140428230753746,0.3955886228087357,-0.7809086062331254
-1.775047311463134,-0.16467119519059042,0.774326162387659,-0.2468283019794483
-3.240002115750613,-0.36534156990267297,2.1843137024425365,0.3161949255681937
-1.0047867318690908,0.733306527885516,0.7462379320539455,0.09696363666589082
0.2721347035579229,0.5276246273505988,-0.9730118015152337,1.4482085518948633
0.1980744890481564,1.2469497611775788,0.1902145688716806,0.006355875683718263
-0.9817084023274196,-1.2396230704465656,1.0293109716896143,-0.2550368025363731
-1.317727062543532,0.6097669082927474,-1.4406739940324536,0.6314546163624389
0.9631516757279207,-0.1752510546351389,0.011907871884688417,-1.4178117660192724
0.6161607020321478,0.6790642968533058,-0.6125253521171887,-0.04701125448669934
-2.277645171239226,0.8041810014107622,-0.08566885395223853,1.9862429622331355
-1.0316685354022632,-0.8988030652307947,0.24048574815363108,0.41332316347934167
0.04052588034215732,-1.0189727803168667,0.08740900761719037,-0.19488175708764266
-0.6678328090191535,0.22581442594610343,0.4536479794206087,1.3982508319605313
-2.6979139716035094,0.2881738292313937,0.5470691314231367,1.4993159669024918
-0.46686102071351754,-1.5842637368577241,-0.2611968208687585,0.03817186354147254
0.6083560093707511,-1.555560340617808,0.07668047048190747,-2.35580591273408
2.435996275950362,0.7055377246507755,-1.4782854357591637,-1.2511849401768542
-0.6153037955215735,0.5243443532260578,-1.667573347580706,2.05378027456382
-1.416030290876666,0.11660276571258488,-0.09709308123886763,1.2031928520633173
-0.6852276213767087,-0.07970883908825462,0.24063119083066994,-0.15590018072386008
-0.459009011092822,-0.5018171029556542,0.3711875050895233,0.5250280541270725
-0.24335417277436044,-1.2731382452757172,-0.8811729748262421,-0.6594150524960222
-2.982496800531842,-0.029588215095096577,0.34566061748224475,2.1560856448453367
-0.03974654264526423,0.27504015123207315,-0.17434368140023182,-0.7148807746108157
1.0304346632949724,0.9852825657091614,-0.011902471223663313,0.34175456815201544
-0.527003165258503,-0.0006791646074836991,0.550577342548478,0.47870000569200166
0.12817479586858327,0.3738427050729849,0.0038330862925094996,0.0934287921470135
-0.6958672012545469,0.38231955899271425,-1.924196184922243,-0.03407262881877017
-0.5928553547566746,0.980789473063955,-0.48031451134104586,-2.0901189987529927
-2.799812838362076,-1.3850350563906724,0.07519753699144696,-0.7207595682202254
-1.6483146975247411,0.13392494438603106,-0.018462167452254916,-0.4691541008985778
-1.787526126159443,-0.9149978222901417,0.19548695478159886,0.06893169543474216
-1.1557300760854554,-0.12388949696262287,0.8724144370570032,0.20133443822482613
0.6297722534475094,-0.5960315359727529,-0.3585939500735985,-0.061930948579204066
-0.9663274077386517,0.12319077317334337,1.336415170755952,1.6880772408916276
1.4728017880924844,-0.46894531205884443,-1.0194071318725955,-0.5428815131608528
0.5337277993315998,0.4201262627178364,0.8327863481892153,-0.4081148568930912
0.030799004180789735,-0.9141765813849487,0.38236116983222657,0.623592922268594
-0.986139271681189,1.0346437051466095,-0.6377172101134722,0.3288624752168001
-3.226523595903915,-1.6316995704565695,-0.10569705815276509,0.7185145063969224
0.6605689090482434,1.4837206916656178,0.30216295387200043,-0.2417501426579484
-2.40485957516728,-1.4059609340395078,0.22837110026455848,0.631758919064663
1.6075838588724283,1.013665760007033,0.243211710654849,-0.955471366841166
0.2543220566141081,0.5535038411914245,1.6898795293565858,-0.2623985740206567
0.4728106017889919,-0.8024460675959331,-0.32967681048755815,-0.013178644122305348
-0.1805715526458722,-0.5234815281318063,0.7063328404846041,0.4307301819014316
1.5025318530214522,-0.3343253115633758,-0.019825242851109096,-1.5390658498782006
2.1818907386301993,0.3212542755093889,-1.3938066433750593,-0.2773315560899788
1.2373945805955777,-0.46134446373035987,0.4665790006493482,-0.4441420598829812
1.9976051087193794,-0.0469579475499448,1.4951920337999378,-1.5694320397731794
0.6288292909548857,0.11310162671401226,0.864209270891057,-0.6277501961007957
0.6193374344735539,0.020922464263224836,-1.361328858800937,-1.6087791363698718
-0.04214574622765033,0.7221090222044116,-0.32714360015432026,-1.3126848467029635
-1.1253229857249694,-0.4733789495330511,0.6044343995551278,0.5512317172135621
-1.7272104862823774,1.0477341721595803,-0.5039968517257415,-0.6274365750811618
-2.823099085011311,0.33088139622160656,1.0000955616677676,-0.3745585616861393
-3.369804061428256,0.958191140298206,-0.3334698202423759,2.0374519423753807
-2.7100834549106265,-1.7196739038220863,1.5348348768792863,-1.4974802016921753
-2.840264697652575,1.2231733603288117,0.08580064278962317,-0.45334290519831816
-1.993523847815255,-0.9087702389250821,-0.9281221437605338,0.6817559566212483
0.14764929024910622,0.4603092139816421,-0.18844453237818976,-0.026584242413399836
0.40862695527494486,-0.8712811974290425,-0.13256744698926726,0.8858411117177848
1.3532614437916912,-0.9075919954733179,0.5211375144393836,-0.461446863154594
1.0542595928669731,-1.527569266253622,1.0616788318809716,-1.3739471578514193
2.6447772808953998,-0.4648277333134064,1.0692534354743424,-0.7872107937761171
1.1635724307089161,0.9425534238204085,-0.4485015716563621,-0.09358917826887828
-0.6513595727415643,1.884547476805244,1.1357906611668267,0.08618543293472397
-2.8025298595649257,-0.6539905475698093,0.02688626945725665,1.649609729994417
-1.6498070580817181,2.172050913582808,-0.6198320340365894,1.4442450624913878
-3.0809664199031386,-1.5778277877826399,0.5882064080297049,0.3743664207436114
-1.5264674461648333,1.0410969219158048,-0.8324088256872509,0.14601715372487883
-1.932868753891897,-1.8617597537365473,-0.6300652183072499,-0.01700358267398227
-0.5767972733178387,0.19451308258922834,2.791971166364041,-0.5093949936499329
1.1433751769286733,0.020851016457012695,-1.1520024614842568,-1.886396597996423
1.0781498744317788,0.8983549069080704,0.905452835968431,-1.3754405398140352
-2.4996187557375946,-1.6897908946886235,-0.6358816097257353,1.6670257868439342
-1.1152013198610586,-1.4881413492156073,0.681796857695334,0.1314266306188423
-0.34410623088845094,-0.3018174541542164,-0.6046016019551887,0.24498204614018904
-0.5970825333437967,-0.3107950666543592,-0.39932039869894714,-0.20753975082220685
0.8794575088098,1.1116224872159368,0.21284143528388993,0.06895192451824346
1.1185036286530896,1.382578791774409,-0.2681484528973282,1.432837566672641
1.2960411326369763,-0.6758122959072727,0.5311489133594557,-0.32310328942580074
-0.12133898903510337,-0.06849627644987176,-0.6432392357586125,-0.29538671129326194
-1.3119216661283457,-0.7005908760038099,0.40285179956609257,-0.8247681482118305
-1.9176332541077834,0.5365577151566516,2.34706586550955,-1.55504129321614
-3.8560694882123023,-2.3721213776386474,-0.988195529631995,0.7432967991827534
-2.1816961210837884,-0.711160001708371,0.5774810876838673,0.9492212498170659
-0.03889500911952759,-0.2510781173963972,0.8847682509983086,-2.26950177333614
1.5993724423032953,0.8345327309752071,0.7993033732591057,-0.09943286179014288
-1.068913747223336,1.0035365626469492,1.4409628845796751,1.9328205818714956
-0.10038832884980509,1.9412492955640848,0.05552552931562209,-0.14121719967410357
-0.14064752859106272,-0.07810128600356411,-2.6744902903031136,0.698156780970632
1.5790473266041407,2.3493556945678784,0.5658335488614014,-1.4214788449588278
-1.5586342757132556,-0.9946916974424368,-0.9384257354165478,1.6570519813450593
0.04815426009505508,0.5023938192500375,0.6381286339251548,0.3535297139151791
-0.9231280718448636,-1.1114787296686919,-0.9439107085347871,0.6807384847965919
-2.5295274578476548,0.08621154721492759,-1.858098419358453,0.7860269970493
-1.1888940806764094,1.416729692327733,0.006391881202623415,-0.3159645126292849
-0.9551424723565685,1.3657923587191065,-0.1957317622915745,-0.6138219323350175
-3.9838984191360485,-1.5385035698994083,-0.49119880233355484,1.8670006315136745
-0.7776726310590729,1.1638047132536464,0.11936481908700643,-0.005873957527278068
0.7995295540119305,0.9896393202180513,0.10230140229512603,-1.2639047390050024
-0.10203201281320329,0.14429202577258377,0.17551025490535685,0.012904455906803555
-1.2014745333618082,0.25744993760617924,-0.6929007863837637,0.1550720823556625
-0.873587792315084,-1.6032786392621192,-0.9206314242118562,-0.2438551034837904
0.2697435470976146,0.6025375644251278,-0.2973313876549095,0.44019839240629904
0.1477542865811643,1.0226774579480344,2.420233270553744,-0.29314377587767965
-2.049126927371849,-0.6437313807083694,0.03858913554031246,0.1984260053639068
-0.34774419231336207,0.5461233825734567,0.8125535077021971,-0.2823927688956929
-1.1443789910373652,0.7269345750363732,0.08196617969550951,1.2273716413780353
-0.18213383927338977,-0.27881263372055526,0.14025560234680312,0.2702561703607004
3.060071424091519,1.1325252625551097,-0.0041035069687258546,-1.0366038826469541
0.22009103105846695,-1.6956217987868467,1.0340098559800537,0.6402745098468943
1.912055152756942,1.6619475270132997,0.09246646266124099,0.08659775617997661
0.838201817573293,0.17936649093014653,-0.5360381765489386,-0.703797519459388
-0.20228282891338323,0.4383964047972862,1.1808441735718458,0.60380835807897
-1.8482890881675444,-0.4809985247585037,0.4246485750677678,0.17646383041871241
-2.1085840530328275,-0.5633522837287307,-1.2225089287340039,-0.8306087875861492
-0.908363982480542,1.195481805972572,0.2536184377034516,-0.6091232794091517
-0.07613702068093348,0.07656552397327501,0.6108484515486529,-0.5401467818003458
-1.3727399581887154,-0.7650150070807687,-1.7764015233277912,1.0885490415587082
0.9634384004603654,0.5879224609068647,0.6693890693838255,0.5619206231441555
-4.213797938031024,-2.027591566800901,0.10960812680044303,0.4499680776104737
-2.4528107337360843,0.07073267535659693,-2.3513286071110295,-0.12480641571603167
-2.512791827076062,-0.2572864588748798,1.0375086353506053,-0.10393075991216191
-1.6488758068990002,-0.5201820557431327,-0.520768035793778,0.7228468113859593
0.053434644594100036,0.6725057161998321,-0.21397279340619518,-0.3988833192954064
-0.6628759364325765,-2.3019652000071864,-2.041648909124674,-0.8354500367697351
0.4602488068003716,-0.1438785463298867,-0.7909622362057771,-1.5141358478842608
-3.5590014620182826,-0.03683066905868326,-0.021804189852989847,1.3092334897452922
-0.09438271406178966,-0.35871731060260004,-0.23466349182479998,-0.7170842594599725
0.8102391406382671,2.6038556784393108,0.6447293214888808,-0.8283529636790821
-0.1800731363735829,-1.969989866140369,-1.2888258522547205,-0.9192312907888351
-0.5115392892937236,-1.361811161963595,-0.1186981901568568,-1.016887816814955
0.3512220001794377,-1.6050069811054286,0.6375837157616531,-1.5410553252187438
-2.8332969561158694,-2.5533033126211384,0.9370293528150879,1.7904081846139248
-0.9281159772841875,0.040340372583330605,0.6864759200326856,0.6713841517042706
1.6301635972828028,2.35523554140343,-0.9903049467564798,-0.45410576565382627
-2.3478111085272513,-0.4390643967558564,0.05417323650818141,-0.2072965323464338
-2.6945523542474956,-0.08225517570292921,0.1426915902933518,1.9780043811837977
0.27084027416097234,0.27403194483813775,0.8294156110922379,0.6679063960123212
0.9732607436657421,0.35644473214724803,-0.26637565192875245,0.8047531789135072
-2.417114422334723,-1.7506399118514364,1.5398905751052692,0.6675318688198605
0.18892740443555567,0.10045810704515155,-0.012609534457079038,0.21990670068412085
-0.7939386290302675,0.8136230019713435,0.46294959711648187,1.3653683448320082
2.047423766818492,1.7149810236646972,1.093969867665633,-1.491541060142215
-1.8570334107420259,-0.5211979292156053,0.977237035944849,2.1303248660007967
-1.8886287936096138,-0.5869135257917711,0.6000525401720866,1.2279289994986615
-0.07902401498433709,0.10597300094231368,-1.2180659551955204,1.9552649773995154
-0.3214739333011515,-0.8682007988022243,-0.7400775841326328,0.2683730755095696
0.2097206838327461,0.055177823944244045,-0.9173434284822864,1.676287891168612
1.4943564276885373,0.5206679848840725,0.9054379339820372,-0.04320387815171042
-0.2610232906743224,-0.006796637550724943,1.3228451967455948,-0.520165882064571
-1.4458312916721934,-0.35623737108818065,0.4662369310922188,0.9043483091819423
2.83248314856435,0.9072658672788888,-0.942288491151671,-1.0833629328018655
-0.9057877664377343,-0.8483261989557925,0.8838995651173138,0.8825936819558614
0.2858042263047011,0.32063120599509093,0.2968824466652803,-1.6513927294478723
-1.6013927683805154,0.3190286685392816,-1.5733383768314881,0.825677690540978
-0.6367235870576399,-0.3152504179395398,0.2422968133686014,-0.21341039263913958
-0.06816590623379665,-0.08020001395459285,-1.1138427882153292,-0.16879758805784265
-1.5682693219512265,-0.06307128280046884,0.2066545915240505,0.5446477154117998
0.5967353308810343,0.48033765092179165,0.26963435496943244,-0.6523110386802412
-0.38146027040609276,-1.2995028899867915,-1.0024159710020464,-0.8175109403989484
-1.4179965241189394,0.8463467718509441,1.0755338488207435,-0.7965111960903608
-0.5611729191064976,-1.1600097665784537,-1.6225487822874247,-0.623700657591065
0.3568094929627065,0.4157107543398722,-1.0876416789410301,1.1861365955010412
2.762315448856885,0.36667860303049105,1.0661042664241873,-0.7965284141498844
1.5085405728529175,0.7121158252687982,-1.1093289278497418,0.6918098770528872
1.5389447120827828,1.4407430514624302,1.426170276836913,-0.531305233692426
-0.061625114717927865,-0.8822874066874408,-0.16575947096313604,1.5710702779648078
1.226508477164233,-1.362288161879607,-1.513273001258948,-2.0455203260796075
-0.15501044613624848,0.09425929456099541,-1.6992412072962284,1.1909001009233136
-1.5036330245463883,1.6407971132343124,-0.13684290876556912,2.3930793085599738
-1.6592164396380298,0.23350081229625275,-0.5049027901208726,-0.5213258929857335
1.3871209380383505,1.4329526607584033,0.7928090598665757,-2.030271053184635
-2.304728891310536,-1.8802175725287482,-1.4694702873847378,-0.5926075275723277
-0.41348107019738156,-1.298880621783074,-0.7645780100521028,-0.8227859336195682
-3.2685793638646117,-1.1205077016626495,2.1195187100513055,1.4192239460189604
0.02733689407884357,1.7799685657465616,1.6784014352544314,-0.07084835857881062
-0.579433249116735,0.11064934402315901,-0.9276391278013848,0.1483766909603271
0.4911039461809941,-1.000259278972185,-1.6023935952933606,-0.7670276139435719
0.36300415799611374,0.8721457750309503,0.09699138283220839,0.6028525993584475
1.5479576468698062,0.017095653779809244,-0.918714268817523,0.5194774237194556
-1.5914530239532172,0.09483236743240883,1.3159114410618205,1.3549777719079361
0.21080119514304796,-0.29631806753763196,0.12129732537833084,-0.8953309048882414
-1.1145323360442017,-0.8597750696760593,-0.5765605513623797,0.49208566575096496
-1.4259758429786549,-0.5202031702569895,1.5453903199425532,0.47347390905689335
1.1860681711984744,-0.26854654852732796,1.015787715984614,-0.7349222949495545
0.9191089674423278,-0.6443529656043715,1.347259480921411,-1.306612247675978
-0.3561377226904804,-0.14964236569858064,-0.37960500379001677,-0.7335952993672727
-0.1304190615430008,0.9858149188095456,0.862553522129234,0.6772141661015563
0.18208061735084907,0.023017602641806634,0.6416604579846625,-2.0021991143415847
-1.3381297719621392,-0.40472337195382346,0.03746478953583978,-0.5895397506221342
-0.47120485955618585,0.18577507761740789,2.382441386002872,0.11267519820178724
0.05745067739389853,0.41134160259603253,0.20273818513729727,-1.1980438477854456
-1.739605406838137,-1.4880510172343409,-1.6201813260955014,0.2810738993212392
-2.1153408990586695,-2.0393628100683245,0.6428646746271166,-0.20213555333894795
-0.3380600175118412,0.45192515812996376,-1.3267311067393341,1.55266042498475
-0.011852888600283107,-0.059070025454399544,-1.8933652703493453,1.2335202926112527
-0.05537980800760722,-1.273286210204081,-1.221939656877403,-1.1976739705802946
-1.463914746731999,-0.3103325134849673,0.5872344792636836,0.5581414948031939
0.26320924680879765,2.521371112507753,-0.6633951364444287,-0.4566748169333112
-3.617515630163285,-1.363638648928467,-1.096840620436514,1.1206659044957474
-2.646021862215701,-0.5031040659169606,0.4517365702529574,0.03202404238219983
-0.8805068874400707,-1.0502348080149684,-0.824199212431439,-1.875171928237595
1.0574162323939809,-0.2029703722561392,0.07914531608478181,-0.3040009162074755
0.3537308860151188,0.9933763604926804,-1.3245554497378837,0.046498543186305266
-0.8682564143382359,-1.0038165556784084,0.38072054611883105,-0.8967183376512194
-2.5370196291921765,0.8125705810012488,0.6373611846835914,0.33271193983299213
-1.5186135715961226,0.2582368018123233,0.285743880026545,0.33327939962756703
-1.2530847329598291,0.5318067066581046,-0.3547656871123188,-1.1208145706668544
-3.0318354351174266,-0.043793072348728534,0.5130082847571391,0.5115982244633848
1.6800260288737268,1.7300552797979127,-0.49930408017278904,-1.4107836287909954
-2.442620921152856,-0.5448286553491468,-0.4225941134609342,-0.8049570806978902
-2.08520635003821,-1.0392060131627,-0.13637155114405125,-0.0691114632878744
-0.9558732034538315,-1.0382715126813042,-1.1444359494862273,0.3699631431303978
1.2086842954911896,0.4715869436079163,-0.8186616290442069,-0.17200516089383291
-1.230970253070801,0.49662285941428497,0.13076169490886125,1.562581220529143
-1.9963038997258211,-1.342197431638,-1.5567691755913655,0.7228290777564583
0.4378755267737686,0.3501182678667711,-0.5480439830433814,1.0872587621303165
-0.7629688009454382,-0.6449784968605025,0.5118784149237874,-0.17944219675243178
-2.2193835954117107,-0.7750313627240806,-0.42388996748476676,1.1715250849261594
-2.2329252549011946,-0.3862466102623512,1.5082574043902803,0.15542867683943998
-2.504134789408584,-0.2535947166623714,-1.004259798815154,0.6765012617974479
-1.8448031851663624,0.20614360268507467,-0.0782750496961803,0.09990781015135967
-0.44718180312129674,-0.12143394279314447,-1.1966138888173476,0.654491789693032
0.9116503860062912,1.857149160671793,1.6980265666932324,0.10553826870755047
-1.0771814342857682,-0.2535196032031303,0.08464625041194504,-0.6213938224099832
0.4481231224278624,0.2810306845345979,0.3744882718762506,-1.2029091034837753
-2.228193606301565,-0.3288517716796667,0.874201691618976,0.9004687407023031
-1.0776876766016787,-1.258305550726655,1.0958548872414167,-0.28569741535230253
0.964421536855945,-0.026705335050283878,-0.16298399394298313,-2.1137053960645154
-0.20364287940809467,0.42107345272278596,-1.608646747211595,0.8300762989038334
-1.749974735353212,-1.3020978603226816,1.0601736833107365,0.2310781022841777
-1.2040591382906376,0.6083893332653497,-0.7170061432984153,-1.8089795651479912
-2.8075633834183176,-0.980991711772835,0.32083358049860583,0.45677539559674624
-3.4484317447980253,-0.8605925515394257,1.325387940020455,-0.01903799659610104
-1.6791130479734893,-1.6403731200710867,0.2692678460923612,-0.7727542547514082
-1.1366210495031854,0.8221549258473461,0.22495349726876748,0.1504898831866963
-1.6825273814646569,-0.2888539103350698,1.123232884378467,-0.9089096423224156
-0.2092291368863593,0.3362858070546892,0.041948144704752645,-1.0334376993670076
-1.450912368021186,-0.07533486248853045,-0.9461990728471885,2.0404319945407607
0.5782452097882872,1.015916973220083,-1.633788168517571,-0.450598687558915
0.5593277937370682,0.6095903240798268,1.173744380694597,0.8718145892735517
2.3908804654594142,1.904723422336784,0.13349124926720393,1.2818438390463365
1.3317760699166352,-1.1591867737575836,0.8705018910001273,-0.20963534323670233
-0.38911105555771286,-0.14667131142154874,1.3805912323207576,0.9686388766936103
-3.1160829310427416,-0.16812921232772424,2.552230163402878,1.2588296987806202
0.19750773920471765,-0.44176929374726487,-2.422844228634589,0.27781193997315035
-0.6487126994801167,-0.391055165246062,-0.6265386546434986,-0.49561215892249166
-0.4250606311898478,0.15313140039421974,1.3149125131124988,-0.9803182258680312
0.6249212503465122,-0.07038034710521154,-0.20175111859881575,-0.8237735516222738
-2.603299709641119,0.2812957850446802,1.7721113393458572,0.6161786119218626
0.5145862473981477,0.07111397233639062,-0.43878218129254104,0.046787349514288604
-0.31769719036852817,-1.7175429474558825,-0.06017799288669453,-0.19329976289668024
-0.16299530901449288,0.4773528096692293,0.9485047002786537,0.7453294224006959
1.3666864513855577,-0.13193723039482486,-0.5174092690295107,-0.6273930730040508
0.47575933354303956,-0.781705901344195,-0.6150648379593945,-0.1231274307897173
-0.8312295736781301,-1.2202520489853848,0.4432285913628484,-0.1085072049969023
-1.4775851927547197,-0.8348857370974414,-0.6401296739088516,0.838910112381142
-2.079190957978582,0.9041532851715774,2.388721279606085,0.5671228420018795
-1.2474978669203516,-0.6756051276429487,-0.7211457814217895,0.38915220654654403
0.377547515877374,0.8056366531220363,1.4077465362403794,-0.8742259308984948
0.7986709119701305,0.10097960163864564,-1.1615925156293805,0.3798746961711634
-0.43412565480788956,-1.013397892749295,1.4552743580163356,-0.778015669115904
-0.6510701307019867,0.6091336616424187,0.15112910594841883,0.04908460831001962
-2.9053937325129997,-1.8042733050866564,-0.09110291269290938,-0.9795508784326294
-4.136597887707692,-0.5850000773012138,0.4887209789439489,2.7174287328682976
-0.523536090756843,1.8982059641802707,0.5166361990743612,0.38539276475250644
-1.3048706463807411,-0.3508339108966636,-1.0010351157032857,0.44297474376752755
-4.40879885355369,-0.4444482168888316,1.7562057987803437,2.146384551911089
1.5386753827666884,2.1404207771662067,-0.635496564518045,-0.5072673813486833
0.032581215583340706,-1.210918886763466,0.6483980751881049,-0.8548356658163554
-0.5625488282118524,-0.6037733672032106,-0.8875696170572964,-0.5568334395724496
1.5952892365993456,1.6537258920055278,-2.4666670681049836,0.5258928211564377
-1.0265567843399324,-0.8063986460634309,2.344212722750776,0.8279855268731817
-0.3368322955539652,-1.018750997072883,-0.6107493242365146,-0.569930871395783
-0.9988119374604226,1.1506579954361567,1.6944674024465378,0.1536175098706156
0.2879404067615057,-0.14322107559133732,1.04374501057934,0.027361259258408762
1.0018412476802616,0.4679559164605835,0.22130404674730697,-0.7882588168110902
-0.5745552816853603,1.3632630533652292,-0.591859474907577,1.9377992486854427
1.840412694663598,1.1801838355576113,0.1937008508265507,-1.2437856794752757
1.6719537725638336,1.6758270969793119,0.3153781421219002,0.8935689453268618
0.729080184578328,1.4769353847613327,-1.1200027152748215,0.36363044399641237
-0.3025994250264281,-0.37692615614045516,0.3194887530040092,0.4571267746988636
0.6509202020105411,-1.6635738913517661,-0.22807947633752781,0.08964910311420293
-1.4806953849657278,-1.2523250693317478,-0.7353475428889652,0.12463486560991782
-0.26326542915658535,0.6862426243888206,-0.14670394375406343,-0.6987855544950595
-1.4951696729048465,-1.0041712385324686,-0.35727125323695724,-0.7990228463379194
-0.815021776776727,0.5953157747638944,0.2529991518497392,-0.6502558782754203
-2.231335202551828,0.2280250861827944,2.3304635078602445,0.7523667826458134
-1.5381917017534719,0.254654298606135,0.717125946961152,1.2642476921902
-1.69019457792144,-1.52135067197716,-0.426119479032895,-0.6170953062275772
-3.1984599841205488,-0.6456835185272906,2.1142782251991656,0.5102830033615648
-2.0683631316627853,1.1157997481078155,0.29893226863566097,2.7528642825740155
-1.752015579505984,-2.0100387475151806,-0.4843848029198007,-0.44062129534732625
-0.2284121157414999,-0.34879354756156666,0.9145018400488154,0.09020442742175916
0.19693029338028634,0.6505337571611308,1.0423080349227836,0.22540802384624264
1.6321255485109112,0.7285279300579416,-0.4402442794764151,-0.6448778916640461
-1.2401664948502389,-0.8862005080977896,0.08440803310980834,-0.9541410925618901
-1.5886314393678855,-1.0699506201605071,0.6514087423401941,-0.9304122492273423
1.6083331905592004,0.5674287928700561,-0.3221559727873218,-0.5786848671082763
0.4133546643017253,0.9086255721129254,0.9923110927289581,0.2141977944806523
1.7376357976299746,1.4100295920320967,-1.6815536670926081,1.0808376836661575
-0.19931038655016997,-0.8038526788497165,-0.23086034401902272,0.35855119335071156
-0.15996977839591286,-0.6936366166449239,-0.04264204075563267,-0.4267433697918433
0.21408240282341112,-0.22768915420673522,2.1044992876141975,-1.8566616839540602
3.426462851661712,-0.21471306012397265,0.3928276006074621,-1.1316541913132412
0.19133551022981599,-0.16824970634376762,0.30287691487344376,0.35918522945034015
0.4790843603886198,0.8230091885119816,1.0969006071545395,-0.33056975445797127
-1.9400559406302658,0.08756791890323759,-1.419321389389172,-0.052504221997478104
-2.2368544180487886,-1.4510728280006948,0.010873766305515172,0.8234224968637073
-1.6403821946857833,0.41322264436747413,0.09121578524181384,0.807012583797134
-1.077778375935833,1.0711998720624445,-0.8286138840650823,1.186114471039557
-1.9408891364798455,-0.7564221415827346,-0.44552572111887595,0.7257505883674397
-1.16953483746531,0.17759445945822372,-0.023155516967006306,0.17273087935997514
-0.8320723246440382,1.313343363116114,0.06801694537354379,0.7454720980570375
-2.012470496797885,0.7200706960442296,2.0876987644579965,1.383315803099284
-0.7430087279202848,0.7044850091340877,0.7195409507183848,0.16893415390276795
-1.027452329624368,-0.16224376219272132,-0.012469143706682962,0.024400105741811045
-1.1303019781796673,-0.449223816103371,-0.4136332436322708,-0.06349576283307354
0.5109733134230132,-0.32426002501166284,-0.19361578070187405,-0.16672710884099282
0.5053937896182248,0.9058529941968444,0.7923431693229718,1.024638297410866
2.195143492073423,1.2450648059512353,-0.7204692460745271,0.028871254171212172
-0.8170998241097669,0.3013382968790941,0.44223567985455897,0.5127227047125088
1.7068899467788579,1.4202251400828514,-0.548931176091851,0.23078252683161082
1.0751638704887643,-1.2169150996884546,0.41701814094054357,-1.5923761946155315
-1.006551176474467,0.3604978613191832,1.2408388529702599,0.6218661009204091
0.2848999367204439,-1.0637986892919662,-0.7748534494495534,0.6170264040582419
-0.7538652661600502,-0.11237303744424566,-2.1783100877038826,1.4169476087056636
-2.2289683886337794,0.18561805758433164,-1.4295455673925854,0.23440471766465049
1.2872518906940273,2.2144971012922268,-0.14654820913533873,-0.16155871249801187
-1.592685356681157,-0.6416965471900282,0.6470183636849386,0.25135727816346776
0.5852616563590448,0.8118429078915278,-0.7257519226406838,0.7289075698198314
-1.208666987110729,-1.1780055668351772,0.49646940071864604,-0.7918801386189818
-1.561460654456348,0.038394743667330186,-1.5586533457680827,0.09793527801719785
-0.801716408643051,-0.019777213953693255,-1.528463153697945,1.731205703551006
-0.5889329357243619,0.6223483332258916,-1.0896670300689226,-1.0075126873698899
-2.8060631840055916,-0.24900151924128155,-0.5676006118841719,-0.09290364533650644
-5.1657872466121715,-2.1678078431995247,1.6923503001944868,-0.717418962702375
-5.9093597586632605,1.2120870029510504,-0.16802293682101352,2.4478128871405582
-4.436129451521131,0.8589456866015477,1.0624078153219716,1.1957465878984759
-4.402395171486078,0.08349625615780698,0.1507141107756324,-0.12544975477563505
-2.650002976552451,0.361545638077741,0.07577200632435743,0.36210246506851246
-4.577008703837225,-0.793665285867645,-0.4165938649536938,0.5543661007966227
-3.96218553265466,0.02099295029588685,0.48464562673983896,0.670970938588443
1.0993034077733606,0.887991402127766,0.49394901046565326,-0.23227120263890658
-0.28693012441741006,-0.8652272192080868,1.157857230197104,-0.6926752183782207
0.08385178747845312,0.00011663406126858025,1.6177186677153244,-0.7929825381206748
-0.7309849178486474,-0.27246289094351256,0.11849311299174815,-1.7865088298699328
-2.9620237380986287,-1.0689756238735804,1.251364850526638,0.4520963110200961
0.44651900060135175,0.8255222688598278,0.25580834831873667,-1.9528387804084633
-3.01204765456374,-1.0185480828843383,-2.226197737689079,0.6417216007037091
0.262995755901558,2.7102595848728472,-1.5673746857118844,1.071138705949364
1.4765473694921674,1.0894757291156876,0.18672965692571933,-1.370511668696358
-0.5697707510529398,-0.8666863608859721,-2.0200162374908057,-0.12556283129198353
-0.5809281296329245,0.2175175660118201,0.8220485373348787,-0.20418287637676602
-2.9675264652881586,-0.8477850344444678,-0.6901162211325997,-0.1316282165708697
-4.837808373089503,0.30138997142977303,1.3909701652196744,2.0464872867824235
-1.2887136069147398,-0.0079454905475652,-1.0778451552701243,1.2284236260246229
0.5326391625129626,2.5569697023142837,-0.7537498055669044,-0.49745487416190265
-1.3716026404001296,-0.12034080682510534,0.022185775142184085,-0.676415191384908
-2.71287778485642,-1.3867026782272522,0.6123370808222076,-0.1351764448225716
-1.564794615826848,1.1290837187407559,0.544329816940449,1.0201166859834945
-1.9604546187603333,0.06299974629271324,0.7014287659481864,-0.7273541200441627
-2.0805688675511425,0.5025503610269159,1.0114098227508985,1.3280186400830893
-3.479086692806984,-0.29361060069538736,0.6003547513116033,1.3067324218894758
-2.039610705247672,-1.5556229163978021,-0.35642352113852005,0.5850923499000242
-2.0528259477113124,-0.28248023103604897,-0.6536650437766742,0.44273970760221165
0.8575786820098577,-0.4644269443759477,0.08096607564378586,-1.5411080128968933
-0.3423109312235124,-0.459044388549764,0.2914884613890789,-0.08891726740854496
-2.1703281739826616,-0.033398003553795345,0.328929299525648,1.1058225089866012
-0.11224813630561392,-0.2324100005540434,-0.011310658679547489,0.08615171434750124
-2.410041075568513,-0.4665573166275894,-0.774631212246685,0.8555923852329705
-2.6252095938076048,-1.1510527712550989,0.6055898371433311,-0.19900926930086596
-2.009020668223729,-0.32909817645333345,0.33535714548215867,0.48645173876835063
-1.5984013496285454,-1.0271821304324915,-0.024973756471969467,-0.43210397581967214
-3.187715613752302,-0.7310088520117098,-2.0811696396418697,0.8594475691348158
-1.7959260568150397,0.89887401063812,-1.1567948043042922,-0.09848329019026422
-2.091517836975375,-1.2163055534335292,-0.34861709207222447,-0.6312343057103383
-0.11893085917820612,1.356809994610881,-1.3644793276955576,-1.781988827559687
-1.715798756134171,-0.347457012463986,-0.2869483860302233,1.9679846388600162
-1.2814661737272912,-0.7570252983837296,1.477832522159583,0.5072460938775308
1.0861183304407895,1.6552904964260458,0.2801932209082876,-1.6101093195896548
-0.9001434975767362,-0.9242918608428999,0.5483952845001672,-0.8829474775054426
3.6173740079462124,2.393570170889887,-1.8265161674719017,-0.6268398593898983
1.488524772253038,0.4727113798108409,0.022131301323773948,-0.46986465530730054
0.9290870889368819,1.450006408054447,0.07747068613839689,1.0785207137840946
-1.9324880349532956,-0.418055118944176,1.0431459302082968,0.23433881122554
-0.8662420827815482,-1.6192832692373071,-1.211030155896037,1.1298420664950024
0.11657909834349955,0.002871917273824556,1.1457317166470344,0.7284967942868517
-0.41683584012846087,-1.1180837827963213,-1.1896943632521466,-0.10183600092275157
-0.8245858612175322,0.1696914456722519,-0.6956355092200975,0.5110429145965435
-1.0384249307330902,-0.21425635670706122,-0.7567693214406188,0.2550360671185059
-3.0829482689182583,-0.6430439973742427,-1.450739454366229,1.5722014309790753
-3.2804796145396002,-1.9677082105370909,-1.6575660939088723,0.8293534938502135
-1.549738576549967,0.26344714240216105,-0.567433758116047,1.9407830335454386
-2.6354532066430396,-0.3943675231409005,-0.11244234339591393,0.015557181200328615
-2.488216932622052,0.6124180327000489,0.6905210460280535,1.3623579676495012
-1.2298333835225572,-0.467553705226738,-0.04586790594472202,-0.2995987587733574
-1.8683452130168494,-1.32888833551476,-0.3292349532251783,0.3327390391693472
-2.2289258366991707,0.11459394405258284,1.428078163698785,0.19868735826215714
-2.1248504755218596,-0.9906029398084975,-0.515554158731026,-0.8164093278498717
-1.4045583987355132,-0.6007949486107363,-0.08838047729908165,0.7623564505871918
-1.2875084651767723,0.8639418603207202,-0.9130083516258418,0.4204363279276708
0.21009523066685942,-0.06828320753921147,-0.35122407122438004,-0.6679228220773333
-1.5898897414339284,-0.7356792898094604,-0.5318295119463385,1.0435105784734027
2.208732288565387,0.9404581385638228,0.8298010169454388,-2.274712092601075
-0.26163631308828156,1.2436058527883829,0.3037199552078254,0.8659122213555431
-2.9816726890403937,-0.17126365993673123,0.18475220011077823,1.334531340973518
1.1708491775912542,1.013471037295286,-0.927115132876956,-0.7948392180037915
0.04090427341811634,0.44887929524614456,0.1978992245706631,-0.8891628057717216
0.6397894497296507,-0.05808642639609575,-0.6814720180067562,0.5838747046950579
2.5653220228133256,2.274703378703392,-0.9076668722975513,0.44305266895127493
0.5273496541772303,0.42088148473299347,-0.20065745476922558,-0.3767400065759829
0.9760327317945292,-0.3451244242806939,-1.4638430055886906,-1.9752989026932481
-1.718759468869563,-0.8621266081811992,-0.6036356196140189,0.7464880416309605
-1.9615434466158534,-1.1011958414445358,-0.5236036697941725,1.0725108548069282
-1.8024068896938021,0.7957676771167663,0.4782028253825329,1.1043782051962148
1.0819602683664329,2.6549472950478687,-0.10022658262579595,0.6102816865885027
-0.3843000672966572,-0.1290170273224312,-0.18308656960409295,-0.8983183783774624
-1.075897113679352,1.6917084755276692,0.19305220590589575,1.5339691106689914
-0.805511800045315,0.38364318949702636,-0.8656226717108877,0.017867595435701423
0.8042601252939116,0.6479994990562532,0.21814168510662144,-1.8162870510023064
-1.0484089955714395,0.01701640912532161,-0.38755517559738945,-0.41365307408992763
-2.8661423387880482,-1.3691103991530722,1.888867121196887,0.9834726033388939
0.6976842920074784,-0.827084891071715,-0.22330479397056371,1.2918367437539318
-1.1935205412592769,-1.6253219257209177,1.57643805616815,0.3630679668852856
-0.19136153109190668,0.47512907467542814,-0.1604847312861494,0.4408547474623587
-0.3975585817310525,1.9579672069180938,0.11017819277098724,-0.6867227411187872
-2.2940884365688388,-0.522894131832905,1.0443149591861545,0.2781743830943227
-3.029025165642175,0.23628414225781583,-0.5489540245694996,1.413055233368764
-0.40334921632498666,0.13056310113731845,-0.8068638252954703,-1.7498244993298495
-1.1643002567252876,-1.224522143662872,0.4075934612897799,-0.8807278984964255
-3.6529472526944327,-2.030958872167198,-0.840856330543168,-0.14773608232527696
-0.15549933390317683,0.5921831772319897,-2.532554525015195,-0.0508674061621912
0.455982601478685,0.9000358998312006,-0.867728174471383,-0.5769596775818446
-1.1101097336038486,0.20087222443176114,-0.992314214458306,-0.9146227111995376
-2.0030282013999336,-0.11620028179917181,0.17697230934977645,0.5748607748380147
-3.1123657243955547,0.01620874270202407,0.0026865298396103487,0.24938708149169656
0.266534207057211,-0.8739890438363892,-2.097559270470829,-0.9017329609707531
0.4692461391355115,-0.48662802696899804,-0.8184302545765396,-1.138029087764694
0.5081038632948639,1.0625923385176665,-0.8310401340004008,-0.36741897462950646
0.37288536316864096,0.5752725948181923,0.43935084060039076,-0.7281521811956139
0.30880345983179225,-0.8885296256035006,-0.0671057029336976,-0.6928405537119304
-0.3127830053196241,-0.1309018654077442,-0.8616496250627671,0.41580397333386077
-0.9111349990288555,-1.4131277490747862,-0.21351884587610712,0.29143061762653
0.9666910756400132,0.29282013180491046,2.4178322581645255,-0.22936071914771522
-1.3928522340054608,0.14414637926736323,-0.09306696379241686,1.9052015556957185
-1.048262438923203,1.0073538727733313,1.931466346252737,-0.5754119903273227
-0.8073100782829877,0.16538960497331773,0.05124002149459683,-1.1515639574038279
-0.39989931843691395,0.343912908286274,-0.9884026530003664,1.0539363940671456
0.2473631943559133,-0.20909415678311435,-1.5207682149838735,-0.5597372423151535
-1.8182196065890008,0.047011006041319366,1.7461203450092941,0.8675538865015116
0.09526731831336399,0.09265442106918824,0.8761307885204279,0.1718085995279643
-0.7140458190888195,-0.889852085607553,0.41303333663068964,0.8603122449471805
1.7528089772656101,3.050754934723057,0.2965516118219931,-0.4818428068723259
-1.7995642909964966,0.9307865165274098,0.6898466626180649,1.5812662673867979
-1.7562952292801104,0.7503671284052955,-1.7094677802048346,-0.060824995984473024
-2.907155416170897,1.2885744403287442,1.7097917584630795,-0.8313339137580706
-2.626974376160305,-0.2160241689343224,0.6551686671684903,-0.4089103812367254
-3.616485359806201,-0.2572695558712832,0.9101686211047159,1.0141309534268013
1.5059367214328658,1.1421191028202309,0.5047788915200341,-1.0093370733256384
0.6107709470471133,-0.13717057961254536,-0.9852846615274187,-0.5080335287764192
-3.1913341797464385,0.5752253202281924,0.1658850875049767,2.2100382029022114
0.3728606988045584,0.2635736942600158,0.4090722304004329,-0.027584597014016658
-0.357940914823316,0.7712822189047751,1.6663188014929666,0.1697052759360759
0.44388036826129484,1.524133445140112,-0.0982305277715194,1.0767925657914668
1.920602835099448,-0.07867599973211453,-0.10310574677687236,-2.022289571446341
-1.4039903265889269,-1.80088871393394,-0.12115340640657478,0.7534894714182002
1.2747632868023688,-0.04280592182454845,-0.8437990142811792,-0.9597276783011759
0.19993951472759952,0.7528137769991214,-1.0220311159667002,0.8354116347836182
-2.9707461791435144,0.6964516411293501,1.4977485865330407,2.4612947849134
-1.6437891895234478,-0.25113243159354337,-0.11429504949254253,1.4454969196914993
1.267424276044291,-0.04575934842792617,-1.5618663118736906,-0.767819335533195
-1.1309446073459835,0.3872232361178979,-1.2129175448515261,2.018713959588159
1.6961026200679723,1.300920945323237,-0.9306520330323701,-0.8513132724391551
0.4129616567681549,0.13658422468019737,-0.4242544234273908,-0.10272104096908569
1.040307492038629,0.680641512972457,-0.1954167980759943,1.427281637272738
1.0452143666040887,0.8668436384806536,1.022122385475986,-1.1535087902184533
-2.629629190751207,-1.4326011746333362,-0.018545182211462813,1.7908555813760734
-0.73499241857018,1.215760888224329,0.7448381910548936,1.2465298665027482
-2.1688158121469083,-1.1086420645641217,-1.4405725614824285,1.3003361792124104
-3.80051362173654,-0.6074226578866879,-0.8015510113032392,0.6087950158195542
-2.805226568326577,-0.2476146235970436,-0.1218978111108337,0.34171592405726325
-0.40742348740783696,0.17473180872783628,-1.6266817088155345,-0.46894291784766456
-0.48716011985533836,0.7244574126650826,-0.686606739783387,-0.32193313016012426
-1.0707976534503199,-0.2903439600965613,-2.5517737819307236,0.10159930959214931
-2.496838533974391,-0.6110253518627314,0.5857534389664856,0.2595855009771647
-2.0175430430288452,-0.7947700273644687,0.4671751996563098,-0.48548025024048613
-2.42787384313023,-0.6874393870023698,-1.4613924377910017,0.4387687191817556
-0.7476211414530556,-0.15145220346287422,-0.5154540354798474,-1.565753517705001
-1.2207210587006794,1.0993988211756134,-0.2824133682697197,0.34048613777685605
-0.08437322054189567,0.30545113721577893,-1.3729046231804403,0.6874615049974057
1.563571433760182,-0.2549268114372224,-0.20253819490820205,-1.9407314131872768
1.981779417382384,1.2267218734078904,0.10290037985427986,-0.21583141260720826
-0.139049449447608,-0.6946358070639764,-0.05842633845140876,0.6383570587548862
-0.15589708859879498,-0.08204228986653561,0.47152752144916493,-1.094015741247235
-0.5701906258549967,-1.832323894488196,-0.7795192472975702,-0.35947243935155915
-1.0718665642742087,-1.0386453678099217,-0.07252360390377292,-0.26875430589134386
-1.8052306555901796,-1.8855500631930378,0.7389302036261036,-0.2266840696844165
-1.1049155958582422,-1.1541089383661558,-1.5195952284238334,2.27914752091873
1.3559260885496522,-0.49167112368108307,-2.131139717082245,-1.4573505413880912
0.37039480310316675,0.07986249838106642,-0.7397793042016025,-0.2469195291832666
-1.7110960653438698,-0.04447648514582007,-0.033888776672434374,-0.03922360792667036
-1.1149992259003094,-0.1780847558598935,1.6141906281385088,-0.3583645244142332
-1.7477843117103302,1.1064844844236503,0.2071693830097103,0.9543392307769522
-1.8965443852168944,0.5588924751726789,1.1380097895296437,2.540514262092679
-1.953074202817952,-0.0827064179269598,0.4446213379749242,1.8964039068403478
-1.5068656594379533,0.23758056090870416,-2.643424963649414,-0.4489909346763357
-1.8423991052310638,-0.35890716735216516,0.1331940106882053,-0.6442418462212993
0.03636903960904769,2.3173697658476766,2.1837204419283545,-1.6289714216012923
-1.3506372769723947,-0.92483100348523,1.0580881398499107,-0.8143352346431149
-0.8839096388842647,-0.4115585619722715,-0.7882128895591243,1.408547559684074
-0.4042546393127908,-0.07204290816401379,1.255251472924187,-0.5784963228456211
1.1950651649445518,0.7974902492313063,-0.26368707660120866,0.19249368549538745
-3.3502376604588093,-0.42885704102448446,-0.2596590621669076,-0.09128305053566811
-2.30088081507716,0.25019795844035797,0.7835514266294463,-0.9523538731805649
-5.509424285868353,-1.3216550856107556,1.2611309221644549,2.040316692122185
-2.957884279284378,0.9618404054928104,1.3086882607455315,-0.3717392975534392
-0.7465072869250505,0.6159754135469703,0.4338666115887293,0.1748488349717822
-1.1000949052697881,-0.8495056039615826,-1.6194959363546872,1.2434330939582705
-0.4797250232769681,0.7813188282417818,-0.6587588614889104,0.35318629520252165
-0.40458041119107846,-0.4563040611108977,0.9304118455611394,0.5302604253722791
1.1532830989977785,1.5502086771286876,0.13025670870206876,-0.08143372749047748
-2.0106748177974563,0.042532870851657814,2.7995239467496775,0.689504994012276
-1.2713998474283355,0.11245984220853249,0.9053425169086108,-0.23335567332422907
-0.4740601937395198,0.3582550516744215,1.0175609783689143,-2.5847444565031195
-1.2210044008360996,-1.3208782026430181,-1.2429549232843797,-0.33728940152210524
-1.0697116139867884,-0.34902139875602856,0.4565150330592349,0.6720997703096862
1.0059586107179301,1.4744170911094723,-0.3172917182312323,-0.39206572193581274
-2.442301369384781,-0.4726700294822494,-0.893321859281974,0.20070395953707482
-2.480908320007554,-1.2188532286696954,1.1548885136746236,0.2670586215319569
0.8524906204128867,0.8194827712343867,1.6210356859074482,-2.2669391440424183
-1.4684911534952256,-0.13316789221533604,-0.5976836016558756,0.4632771623936812
-0.34042913412765324,0.8425394274921589,0.4315779114806838,0.13670684306070888
-3.057373046478162,-0.16781560968707177,0.9282006927338127,0.029244217654498972
-2.8403727609422926,1.6978650286839552,-0.5079373256085458,1.8283161659407035
-3.0415984843713577,-1.1813490020740327,0.2740081267463048,0.08043318485249762
-2.6239239859222865,-0.702152473416773,-1.353819621211911,0.9313315693596264
-2.3135761224347675,0.0009773892398678991,0.9560485664830681,1.7850182503716663
-1.3620222056920712,0.6771561756280498,0.9634041650636885,-0.37852361718104466
-1.4088972798626265,1.4295587519173887,1.53227307592052,0.5719228321597202
-2.0277079896813426,-0.217232618149579,0.05431798422491919,0.15599758609289247
-0.1664334046548308,0.4678095443614187,-0.0056001393661616015,-0.2863853805672126
-0.2326523373767515,-0.1665615448685068,0.005905979926915734,1.2284177949731911
2.684439438569249,-0.9277937113835848,-1.93486560893721,-1.515705860165893
-1.4560323345936679,0.22780855626010518,0.2809105005027834,1.1747785435866376
0.24493721963236043,2.486085020750724,-0.16033881392541802,1.0626969729133022
-2.718250874656736,-0.5773168035919877,1.105920516504518,0.2877423952157234
-2.635558028053773,-1.191776131993568,0.3298426269114848,0.5260697073537158
-1.3249483331849043,0.3904734087148275,-0.2716372409774815,1.4787594988053208
0.4285776750758732,1.1453573071871106,0.6940119626496983,-0.6907834489348241
-2.0687735186041563,-0.3872077366758404,0.8275402706560829,1.7116609032146606
1.6313959608994164,1.0380375161710553,-0.17532418558561705,0.1655624028669294
2.869732478702297,1.24305298192177,-1.2906545948871746,-1.3964066555439378
1.003084886554071,1.057770464726677,0.14480539428355801,-0.9326474800235675
-0.7788000283263377,-0.18161843552734758,-0.3425562088338269,0.5118394036800131
-0.8827942539498352,-0.1169712746724452,0.443515218427292,1.5920204890662568
0.9073806270327215,0.20000450731823863,-0.09788445349925454,-0.5048492508800447
-1.3674605281254584,-0.46777529562405074,-0.10015917937291328,1.0283306884703831
-2.5233231754420284,0.7959715261946323,-1.4722364678292141,1.8802631060530215
-2.94917209858455,-0.5437152464211841,-0.540788857164891,-0.16647178784796213
-0.6415583277205983,2.0620633871003924,0.6431945337132562,0.23365844536727295
-5.187641764182114,-0.5797810386034279,0.18247735156870099,2.281682859867609
-0.9262568255404577,0.8743269247635026,-0.4408599787703132,-0.3417171131037666
-0.956400480898933,0.6069276754381422,0.9646459921940493,-1.146995951710264
-1.1814358513946939,0.39114464429766943,0.7232818431864552,1.2611001766527659
-2.967903741303525,-1.2043836956166452,2.307086530081442,-0.40541001742640403
-3.7644546433718924,-0.4380921870219071,-0.49989677767906826,0.5876468396536647
-2.9559098942077817,-0.9265415942366741,1.7369822244029969,-0.4595495475067286
-0.4958414411368063,0.125821968132261,-1.119946569666631,-0.5218869544795318
-0.9955933549788594,-2.0134300523074233,-0.028708399552321785,-0.10314245756045763
-2.203823019807364,-1.761313157311081,-0.18516672021871816,0.5040768212246709
1.9784702715962452,1.354566764584036,-0.9079522034831508,-1.8180445887604737
-1.9230794535132842,-0.12273289695541043,1.7944860170295622,-0.32050951349092266
