"CubeId";"devkum"
"PublishingDate";"2022-10-03 14:30"

"Date";"D0";"D1";"Value"
"2019-09";"M0";"EUR1";"1.09055"
"2019-09";"M0";"GBP1";"1.22218"
"2019-09";"M0";"DKK100";"14.61206"
"2019-09";"M0";"NOK100";"10.98585"
"2019-09";"M0";"CZK100";"4.21641"
"2019-09";"M0";"HUF100";"0.32808"
"2019-09";"M0";"PLN100";"25.04754"
"2019-09";"M0";"RUB1";"0.01525"
"2019-09";"M0";"SEK100";"10.19374"
"2019-09";"M0";"TRY100";"17.33105"
"2019-09";"M0";"USD1";"0.9905"
"2019-09";"M0";"CAD1";"0.74765"
"2019-09";"M0";"ARS1";"0.01749"
"2019-09";"M0";"BRL100";"24.03376"
"2019-09";"M0";"MXN100";"5.05672"
"2019-09";"M0";"ZAR1";"0.06672"
"2019-09";"M0";"JPY100";"0.9221"
"2019-09";"M0";"AUD1";"0.67432"
"2019-09";"M0";"CNY100";"13.91616"
"2019-09";"M0";"HKD100";"12.64053"
"2019-09";"M0";"KRW100";"0.08286"
"2019-09";"M0";"MYR100";"23.66584"
"2019-09";"M0";"NZD1";"0.62836"
"2019-09";"M0";"SGD1";"0.71773"
"2019-09";"M0";"THB100";"3.2406"
"2019-09";"M0";"XDR1";"1.35562"
"2019-09";"M0";"USD3M";"0.9827"
"2019-09";"M0";"USD6M";"0.9749"
"2019-10";"M0";"EUR1";"1.0979"
"2019-10";"M0";"GBP1";"1.25433"
"2019-10";"M0";"DKK100";"14.69907"
"2019-10";"M0";"NOK100";"10.85341"
"2019-10";"M0";"CZK100";"4.27289"
"2019-10";"M0";"HUF100";"0.3311"
"2019-10";"M0";"PLN100";"25.51566"
"2019-10";"M0";"RUB1";"0.01544"
"2019-10";"M0";"SEK100";"10.16586"
"2019-10";"M0";"TRY100";"17.15"
"2019-10";"M0";"USD1";"0.99361"
"2019-10";"M0";"CAD1";"0.75311"
"2019-10";"M0";"ARS1";"0.01703"
"2019-10";"M0";"BRL100";"24.28246"
"2019-10";"M0";"MXN100";"5.13768"
"2019-10";"M0";"ZAR1";"0.06663"
"2019-10";"M0";"JPY100";"0.91897"
"2019-10";"M0";"AUD1";"0.67492"
"2019-10";"M0";"CNY100";"14.00003"
"2019-10";"M0";"HKD100";"12.67011"
"2019-10";"M0";"KRW100";"0.08393"
"2019-10";"M0";"MYR100";"23.72637"
"2019-10";"M0";"NZD1";"0.62917"
"2019-10";"M0";"SGD1";"0.72468"
"2019-10";"M0";"THB100";"3.27296"
"2019-10";"M0";"XDR1";"1.36302"
"2019-10";"M0";"USD3M";"0.986"
"2019-10";"M0";"USD6M";"0.9795"
"2019-11";"M0";"EUR1";"1.09778"
"2019-11";"M0";"GBP1";"1.27973"
"2019-11";"M0";"DKK100";"14.6921"
"2019-11";"M0";"NOK100";"10.85294"
"2019-11";"M0";"CZK100";"4.29952"
"2019-11";"M0";"HUF100";"0.32911"
"2019-11";"M0";"PLN100";"25.61498"
"2019-11";"M0";"RUB1";"0.01555"
"2019-11";"M0";"SEK100";"10.30513"
"2019-11";"M0";"TRY100";"17.2959"
"2019-11";"M0";"USD1";"0.99306"
"2019-11";"M0";"CAD1";"0.7502"
"2019-11";"M0";"ARS1";"0.01664"
"2019-11";"M0";"BRL100";"23.93489"
"2019-11";"M0";"MXN100";"5.1454"
"2019-11";"M0";"ZAR1";"0.06713"
"2019-11";"M0";"JPY100";"0.91219"
"2019-11";"M0";"AUD1";"0.67832"
"2019-11";"M0";"CNY100";"14.14842"
"2019-11";"M0";"HKD100";"12.68511"
"2019-11";"M0";"KRW100";"0.08499"
"2019-11";"M0";"MYR100";"23.89206"
"2019-11";"M0";"NZD1";"0.63591"
"2019-11";"M0";"SGD1";"0.72933"
"2019-11";"M0";"THB100";"3.28394"
"2019-11";"M0";"XDR1";"1.36574"
"2019-11";"M0";"USD3M";"0.986"
"2019-11";"M0";"USD6M";"0.9797"
"2019-12";"M0";"EUR1";"1.09305"
"2019-12";"M0";"GBP1";"1.29006"
"2019-12";"M0";"DKK100";"14.62927"
"2019-12";"M0";"NOK100";"10.8823"
"2019-12";"M0";"CZK100";"4.2871"
"2019-12";"M0";"HUF100";"0.33039"
"2019-12";"M0";"PLN100";"25.58311"
"2019-12";"M0";"RUB1";"0.01562"
"2019-12";"M0";"SEK100";"10.42864"
"2019-12";"M0";"TRY100";"16.82328"
"2019-12";"M0";"USD1";"0.98355"
"2019-12";"M0";"CAD1";"0.74641"
"2019-12";"M0";"ARS1";"0.01644"
"2019-12";"M0";"BRL100";"23.89135"
"2019-12";"M0";"MXN100";"5.13994"
"2019-12";"M0";"ZAR1";"0.06816"
"2019-12";"M0";"JPY100";"0.90135"
"2019-12";"M0";"AUD1";"0.67644"
"2019-12";"M0";"CNY100";"14.01753"
"2019-12";"M0";"HKD100";"12.59991"
"2019-12";"M0";"KRW100";"0.08367"
"2019-12";"M0";"MYR100";"23.70972"
"2019-12";"M0";"NZD1";"0.64797"
"2019-12";"M0";"SGD1";"0.72472"
"2019-12";"M0";"THB100";"3.25624"
"2019-12";"M0";"XDR1";"1.35506"
"2019-12";"M0";"USD3M";"0.9765"
"2019-12";"M0";"USD6M";"0.9702"
"2020-01";"M0";"EUR1";"1.07638"
"2020-01";"M0";"GBP1";"1.26692"
"2020-01";"M0";"DKK100";"14.40388"
"2020-01";"M0";"NOK100";"10.82823"
"2020-01";"M0";"CZK100";"4.26998"
"2020-01";"M0";"HUF100";"0.32182"
"2020-01";"M0";"PLN100";"25.32432"
"2020-01";"M0";"RUB1";"0.01567"
"2020-01";"M0";"SEK100";"10.19394"
"2020-01";"M0";"TRY100";"16.3683"
"2020-01";"M0";"USD1";"0.97017"
"2020-01";"M0";"CAD1";"0.74131"
"2020-01";"M0";"ARS1";"0.01619"
"2020-01";"M0";"BRL100";"23.40454"
"2020-01";"M0";"MXN100";"5.15905"
"2020-01";"M0";"ZAR1";"0.06725"
"2020-01";"M0";"JPY100";"0.8875"
"2020-01";"M0";"AUD1";"0.66473"
"2020-01";"M0";"CNY100";"14.03277"
"2020-01";"M0";"HKD100";"12.48193"
"2020-01";"M0";"KRW100";"0.0831"
"2020-01";"M0";"MYR100";"23.79051"
"2020-01";"M0";"NZD1";"0.64036"
"2020-01";"M0";"SGD1";"0.71778"
"2020-01";"M0";"THB100";"3.18409"
"2020-01";"M0";"XDR1";"1.3379"
"2020-01";"M0";"USD3M";"0.9636"
"2020-01";"M0";"USD6M";"0.9575"
"2020-02";"M0";"EUR1";"1.06504"
"2020-02";"M0";"GBP1";"1.26605"
"2020-02";"M0";"DKK100";"14.2549"
"2020-02";"M0";"NOK100";"10.50356"
"2020-02";"M0";"CZK100";"4.24988"
"2020-02";"M0";"HUF100";"0.3156"
"2020-02";"M0";"PLN100";"24.89281"
"2020-02";"M0";"RUB1";"0.01522"
"2020-02";"M0";"SEK100";"10.07556"
"2020-02";"M0";"TRY100";"16.08833"
"2020-02";"M0";"USD1";"0.97608"
"2020-02";"M0";"CAD1";"0.73484"
"2020-02";"M0";"ARS1";"0.01594"
"2020-02";"M0";"BRL100";"22.48709"
"2020-02";"M0";"MXN100";"5.18102"
"2020-02";"M0";"ZAR1";"0.06496"
"2020-02";"M0";"JPY100";"0.8872"
"2020-02";"M0";"AUD1";"0.65098"
"2020-02";"M0";"CNY100";"13.94961"
"2020-02";"M0";"HKD100";"12.55417"
"2020-02";"M0";"KRW100";"0.08167"
"2020-02";"M0";"MYR100";"23.45052"
"2020-02";"M0";"NZD1";"0.62403"
"2020-02";"M0";"SGD1";"0.70233"
"2020-02";"M0";"THB100";"3.11646"
"2020-02";"M0";"XDR1";"1.33672"
"2020-02";"M0";"USD3M";"0.97"
"2020-02";"M0";"USD6M";"0.9642"
"2020-03";"M0";"EUR1";"1.05902"
"2020-03";"M0";"GBP1";"1.18516"
"2020-03";"M0";"DKK100";"14.1761"
"2020-03";"M0";"NOK100";"9.41136"
"2020-03";"M0";"CZK100";"3.99434"
"2020-03";"M0";"HUF100";"0.30692"
"2020-03";"M0";"PLN100";"23.87084"
"2020-03";"M0";"RUB1";"0.01293"
"2020-03";"M0";"SEK100";"9.75557"
"2020-03";"M0";"TRY100";"15.1078"
"2020-03";"M0";"USD1";"0.95701"
"2020-03";"M0";"CAD1";"0.68807"
"2020-03";"M0";"ARS1";"0.01518"
"2020-03";"M0";"BRL100";"19.72251"
"2020-03";"M0";"MXN100";"4.32082"
"2020-03";"M0";"ZAR1";"0.05761"
"2020-03";"M0";"JPY100";"0.89067"
"2020-03";"M0";"AUD1";"0.5969"
"2020-03";"M0";"CNY100";"13.63297"
"2020-03";"M0";"HKD100";"12.32581"
"2020-03";"M0";"KRW100";"0.07844"
"2020-03";"M0";"MYR100";"22.2707"
"2020-03";"M0";"NZD1";"0.58"
"2020-03";"M0";"SGD1";"0.67567"
"2020-03";"M0";"THB100";"2.98049"
"2020-03";"M0";"XDR1";"1.31438"
"2020-03";"M0";"USD3M";"0.9517"
"2020-03";"M0";"USD6M";"0.948"
"2020-04";"M0";"EUR1";"1.05442"
"2020-04";"M0";"GBP1";"1.20439"
"2020-04";"M0";"DKK100";"14.13143"
"2020-04";"M0";"NOK100";"9.29542"
"2020-04";"M0";"CZK100";"3.86821"
"2020-04";"M0";"HUF100";"0.29594"
"2020-04";"M0";"PLN100";"23.21129"
"2020-04";"M0";"RUB1";"0.01291"
"2020-04";"M0";"SEK100";"9.68887"
"2020-04";"M0";"TRY100";"14.13949"
"2020-04";"M0";"USD1";"0.97097"
"2020-04";"M0";"CAD1";"0.6902"
"2020-04";"M0";"ARS1";"0.01482"
"2020-04";"M0";"BRL100";"18.24955"
"2020-04";"M0";"MXN100";"3.99807"
"2020-04";"M0";"ZAR1";"0.05223"
"2020-04";"M0";"JPY100";"0.9012"
"2020-04";"M0";"AUD1";"0.611"
"2020-04";"M0";"CNY100";"13.72071"
"2020-04";"M0";"HKD100";"12.52634"
"2020-04";"M0";"KRW100";"0.07931"
"2020-04";"M0";"MYR100";"22.29309"
"2020-04";"M0";"NZD1";"0.58247"
"2020-04";"M0";"SGD1";"0.68165"
"2020-04";"M0";"THB100";"2.97611"
"2020-04";"M0";"XDR1";"1.32292"
"2020-04";"M0";"USD3M";"0.9674"
"2020-04";"M0";"USD6M";"0.9642"
"2020-05";"M0";"EUR1";"1.05675"
"2020-05";"M0";"GBP1";"1.19284"
"2020-05";"M0";"DKK100";"14.16988"
"2020-05";"M0";"NOK100";"9.59359"
"2020-05";"M0";"CZK100";"3.87334"
"2020-05";"M0";"HUF100";"0.30103"
"2020-05";"M0";"PLN100";"23.33323"
"2020-05";"M0";"RUB1";"0.01332"
"2020-05";"M0";"SEK100";"9.96007"
"2020-05";"M0";"TRY100";"13.98901"
"2020-05";"M0";"USD1";"0.97072"
"2020-05";"M0";"CAD1";"0.69451"
"2020-05";"M0";"ARS1";"0.01436"
"2020-05";"M0";"BRL100";"17.22675"
"2020-05";"M0";"MXN100";"4.13087"
"2020-05";"M0";"ZAR1";"0.05347"
"2020-05";"M0";"JPY100";"0.9057"
"2020-05";"M0";"AUD1";"0.63215"
"2020-05";"M0";"CNY100";"13.65617"
"2020-05";"M0";"HKD100";"12.52201"
"2020-05";"M0";"KRW100";"0.07896"
"2020-05";"M0";"MYR100";"22.35367"
"2020-05";"M0";"NZD1";"0.59049"
"2020-05";"M0";"SGD1";"0.68419"
"2020-05";"M0";"THB100";"3.02612"
"2020-05";"M0";"XDR1";"1.32194"
"2020-05";"M0";"USD3M";"0.9675"
"2020-05";"M0";"USD6M";"0.9647"
"2020-06";"M0";"EUR1";"1.07173"
"2020-06";"M0";"GBP1";"1.19224"
"2020-06";"M0";"DKK100";"14.37663"
"2020-06";"M0";"NOK100";"9.99728"
"2020-06";"M0";"CZK100";"4.02055"
"2020-06";"M0";"HUF100";"0.30837"
"2020-06";"M0";"PLN100";"24.11807"
"2020-06";"M0";"RUB1";"0.01374"
"2020-06";"M0";"SEK100";"10.22319"
"2020-06";"M0";"TRY100";"13.94022"
"2020-06";"M0";"USD1";"0.95106"
"2020-06";"M0";"CAD1";"0.70219"
"2020-06";"M0";"ARS1";"0.01369"
"2020-06";"M0";"BRL100";"18.38785"
"2020-06";"M0";"MXN100";"4.27307"
"2020-06";"M0";"ZAR1";"0.05563"
"2020-06";"M0";"JPY100";"0.88405"
"2020-06";"M0";"AUD1";"0.65658"
"2020-06";"M0";"CNY100";"13.42799"
"2020-06";"M0";"HKD100";"12.2714"
"2020-06";"M0";"KRW100";"0.07878"
"2020-06";"M0";"MYR100";"22.25367"
"2020-06";"M0";"NZD1";"0.61351"
"2020-06";"M0";"SGD1";"0.68276"
"2020-06";"M0";"THB100";"3.05446"
"2020-06";"M0";"XDR1";"1.31299"
"2020-06";"M0";"USD3M";"0.9487"
"2020-06";"M0";"USD6M";"0.9459"
"2020-07";"M0";"EUR1";"1.07056"
"2020-07";"M0";"GBP1";"1.18276"
"2020-07";"M0";"DKK100";"14.37678"
"2020-07";"M0";"NOK100";"10.0433"
"2020-07";"M0";"CZK100";"4.03661"
"2020-07";"M0";"HUF100";"0.30497"
"2020-07";"M0";"PLN100";"24.05507"
"2020-07";"M0";"RUB1";"0.01308"
"2020-07";"M0";"SEK100";"10.33778"
"2020-07";"M0";"TRY100";"13.59488"
"2020-07";"M0";"USD1";"0.93462"
"2020-07";"M0";"CAD1";"0.69181"
"2020-07";"M0";"ARS1";"0.0131"
"2020-07";"M0";"BRL100";"17.65137"
"2020-07";"M0";"MXN100";"4.16641"
"2020-07";"M0";"ZAR1";"0.05573"
"2020-07";"M0";"JPY100";"0.87546"
"2020-07";"M0";"AUD1";"0.65658"
"2020-07";"M0";"CNY100";"13.33015"
"2020-07";"M0";"HKD100";"12.05816"
"2020-07";"M0";"KRW100";"0.07796"
"2020-07";"M0";"MYR100";"21.91446"
"2020-07";"M0";"NZD1";"0.6151"
"2020-07";"M0";"SGD1";"0.67334"
"2020-07";"M0";"THB100";"2.97486"
"2020-07";"M0";"XDR1";"1.2986"
"2020-07";"M0";"USD3M";"0.9321"
"2020-07";"M0";"USD6M";"0.9291"
"2020-08";"M0";"EUR1";"1.07678"
"2020-08";"M0";"GBP1";"1.19565"
"2020-08";"M0";"DKK100";"14.46122"
"2020-08";"M0";"NOK100";"10.16996"
"2020-08";"M0";"CZK100";"4.11513"
"2020-08";"M0";"HUF100";"0.30854"
"2020-08";"M0";"PLN100";"24.46304"
"2020-08";"M0";"RUB1";"0.01233"
"2020-08";"M0";"SEK100";"10.44616"
"2020-08";"M0";"TRY100";"12.49916"
"2020-08";"M0";"USD1";"0.91007"
"2020-08";"M0";"CAD1";"0.68753"
"2020-08";"M0";"ARS1";"0.01243"
"2020-08";"M0";"BRL100";"16.71485"
"2020-08";"M0";"MXN100";"4.09887"
"2020-08";"M0";"ZAR1";"0.05277"
"2020-08";"M0";"JPY100";"0.85861"
"2020-08";"M0";"AUD1";"0.65493"
"2020-08";"M0";"CNY100";"13.1368"
"2020-08";"M0";"HKD100";"11.74249"
"2020-08";"M0";"KRW100";"0.07671"
"2020-08";"M0";"MYR100";"21.73602"
"2020-08";"M0";"NZD1";"0.6003"
"2020-08";"M0";"SGD1";"0.66465"
"2020-08";"M0";"THB100";"2.91617"
"2020-08";"M0";"XDR1";"1.28496"
"2020-08";"M0";"USD3M";"0.9077"
"2020-08";"M0";"USD6M";"0.905"
"2020-09";"M0";"EUR1";"1.07837"
"2020-09";"M0";"GBP1";"1.1861"
"2020-09";"M0";"DKK100";"14.49105"
"2020-09";"M0";"NOK100";"10.01625"
"2020-09";"M0";"CZK100";"4.03623"
"2020-09";"M0";"HUF100";"0.29919"
"2020-09";"M0";"PLN100";"24.11155"
"2020-09";"M0";"RUB1";"0.01204"
"2020-09";"M0";"SEK100";"10.34543"
"2020-09";"M0";"TRY100";"12.10543"
"2020-09";"M0";"USD1";"0.91437"
"2020-09";"M0";"CAD1";"0.69199"
"2020-09";"M0";"ARS1";"0.01217"
"2020-09";"M0";"BRL100";"16.95348"
"2020-09";"M0";"MXN100";"4.22318"
"2020-09";"M0";"ZAR1";"0.05467"
"2020-09";"M0";"JPY100";"0.86616"
"2020-09";"M0";"AUD1";"0.66159"
"2020-09";"M0";"CNY100";"13.42445"
"2020-09";"M0";"HKD100";"11.79802"
"2020-09";"M0";"KRW100";"0.07767"
"2020-09";"M0";"MYR100";"22.03616"
"2020-09";"M0";"NZD1";"0.61025"
"2020-09";"M0";"SGD1";"0.66964"
"2020-09";"M0";"THB100";"2.91539"
"2020-09";"M0";"XDR1";"1.29238"
"2020-09";"M0";"USD3M";"0.9118"
"2020-09";"M0";"USD6M";"0.9091"
"2020-10";"M0";"EUR1";"1.07399"
"2020-10";"M0";"GBP1";"1.1849"
"2020-10";"M0";"DKK100";"14.43135"
"2020-10";"M0";"NOK100";"9.8309"
"2020-10";"M0";"CZK100";"3.94606"
"2020-10";"M0";"HUF100";"0.29614"
"2020-10";"M0";"PLN100";"23.64597"
"2020-10";"M0";"RUB1";"0.01175"
"2020-10";"M0";"SEK100";"10.32666"
"2020-10";"M0";"TRY100";"11.48677"
"2020-10";"M0";"USD1";"0.91277"
"2020-10";"M0";"CAD1";"0.69094"
"2020-10";"M0";"ARS1";"0.01179"
"2020-10";"M0";"BRL100";"16.23415"
"2020-10";"M0";"MXN100";"4.28096"
"2020-10";"M0";"ZAR1";"0.05544"
"2020-10";"M0";"JPY100";"0.86778"
"2020-10";"M0";"AUD1";"0.65061"
"2020-10";"M0";"CNY100";"13.56803"
"2020-10";"M0";"HKD100";"11.77725"
"2020-10";"M0";"KRW100";"0.07978"
"2020-10";"M0";"MYR100";"21.98309"
"2020-10";"M0";"NZD1";"0.60583"
"2020-10";"M0";"SGD1";"0.67142"
"2020-10";"M0";"THB100";"2.92081"
"2020-10";"M0";"XDR1";"1.28988"
"2020-10";"M0";"USD3M";"0.9101"
"2020-10";"M0";"USD6M";"0.9077"
"2020-11";"M0";"EUR1";"1.07798"
"2020-11";"M0";"GBP1";"1.20291"
"2020-11";"M0";"DKK100";"14.47698"
"2020-11";"M0";"NOK100";"10.02261"
"2020-11";"M0";"CZK100";"4.07133"
"2020-11";"M0";"HUF100";"0.29943"
"2020-11";"M0";"PLN100";"23.96187"
"2020-11";"M0";"RUB1";"0.01185"
"2020-11";"M0";"SEK100";"10.5348"
"2020-11";"M0";"TRY100";"11.41188"
"2020-11";"M0";"USD1";"0.91087"
"2020-11";"M0";"CAD1";"0.6965"
"2020-11";"M0";"ARS1";"0.01142"
"2020-11";"M0";"BRL100";"16.70825"
"2020-11";"M0";"MXN100";"4.46131"
"2020-11";"M0";"ZAR1";"0.05858"
"2020-11";"M0";"JPY100";"0.87257"
"2020-11";"M0";"AUD1";"0.66258"
"2020-11";"M0";"CNY100";"13.79631"
"2020-11";"M0";"HKD100";"11.74932"
"2020-11";"M0";"KRW100";"0.08169"
"2020-11";"M0";"MYR100";"22.15538"
"2020-11";"M0";"NZD1";"0.62527"
"2020-11";"M0";"SGD1";"0.67618"
"2020-11";"M0";"THB100";"2.99025"
"2020-11";"M0";"XDR1";"1.29553"
"2020-11";"M0";"USD3M";"0.9082"
"2020-11";"M0";"USD6M";"0.9058"
"2020-12";"M0";"EUR1";"1.08156"
"2020-12";"M0";"GBP1";"1.19369"
"2020-12";"M0";"DKK100";"14.53502"
"2020-12";"M0";"NOK100";"10.20189"
"2020-12";"M0";"CZK100";"4.11161"
"2020-12";"M0";"HUF100";"0.30116"
"2020-12";"M0";"PLN100";"24.15173"
"2020-12";"M0";"RUB1";"0.01198"
"2020-12";"M0";"SEK100";"10.62872"
"2020-12";"M0";"TRY100";"11.51838"
"2020-12";"M0";"USD1";"0.88887"
"2020-12";"M0";"CAD1";"0.69343"
"2020-12";"M0";"ARS1";"0.01077"
"2020-12";"M0";"BRL100";"17.24938"
"2020-12";"M0";"MXN100";"4.45096"
"2020-12";"M0";"ZAR1";"0.05962"
"2020-12";"M0";"JPY100";"0.8564"
"2020-12";"M0";"AUD1";"0.66876"
"2020-12";"M0";"CNY100";"13.58844"
"2020-12";"M0";"HKD100";"11.46601"
"2020-12";"M0";"KRW100";"0.08125"
"2020-12";"M0";"MYR100";"21.91408"
"2020-12";"M0";"NZD1";"0.63016"
"2020-12";"M0";"SGD1";"0.66687"
"2020-12";"M0";"THB100";"2.95494"
"2020-12";"M0";"XDR1";"1.27741"
"2020-12";"M0";"USD3M";"0.886"
"2020-12";"M0";"USD6M";"0.8836"
"2021-01";"M0";"EUR1";"1.07931"
"2021-01";"M0";"GBP1";"1.2092"
"2021-01";"M0";"DKK100";"14.50958"
"2021-01";"M0";"NOK100";"10.41457"
"2021-01";"M0";"CZK100";"4.12933"
"2021-01";"M0";"HUF100";"0.30062"
"2021-01";"M0";"PLN100";"23.8027"
"2021-01";"M0";"RUB1";"0.01192"
"2021-01";"M0";"SEK100";"10.69221"
"2021-01";"M0";"TRY100";"11.99406"
"2021-01";"M0";"USD1";"0.88663"
"2021-01";"M0";"CAD1";"0.69679"
"2021-01";"M0";"ARS1";"0.01033"
"2021-01";"M0";"BRL100";"16.57994"
"2021-01";"M0";"MXN100";"4.4537"
"2021-01";"M0";"ZAR1";"0.05863"
"2021-01";"M0";"JPY100";"0.85465"
"2021-01";"M0";"AUD1";"0.68486"
"2021-01";"M0";"CNY100";"13.70628"
"2021-01";"M0";"HKD100";"11.43635"
"2021-01";"M0";"KRW100";"0.08068"
"2021-01";"M0";"MYR100";"21.95528"
"2021-01";"M0";"NZD1";"0.63784"
"2021-01";"M0";"SGD1";"0.6687"
"2021-01";"M0";"THB100";"2.95486"
"2021-01";"M0";"XDR1";"1.27895"
"2021-01";"M0";"USD3M";"0.884"
"2021-01";"M0";"USD6M";"0.8817"
"2021-02";"M0";"EUR1";"1.08554"
"2021-02";"M0";"GBP1";"1.24399"
"2021-02";"M0";"DKK100";"14.59703"
"2021-02";"M0";"NOK100";"10.56249"
"2021-02";"M0";"CZK100";"4.19592"
"2021-02";"M0";"HUF100";"0.30307"
"2021-02";"M0";"PLN100";"24.13525"
"2021-02";"M0";"RUB1";"0.01207"
"2021-02";"M0";"SEK100";"10.76438"
"2021-02";"M0";"TRY100";"12.67175"
"2021-02";"M0";"USD1";"0.89725"
"2021-02";"M0";"CAD1";"0.70691"
"2021-02";"M0";"ARS1";"0.01013"
"2021-02";"M0";"BRL100";"16.58829"
"2021-02";"M0";"MXN100";"4.4258"
"2021-02";"M0";"ZAR1";"0.06081"
"2021-02";"M0";"JPY100";"0.8516"
"2021-02";"M0";"AUD1";"0.69602"
"2021-02";"M0";"CNY100";"13.89589"
"2021-02";"M0";"HKD100";"11.57295"
"2021-02";"M0";"KRW100";"0.08073"
"2021-02";"M0";"MYR100";"22.17867"
"2021-02";"M0";"NZD1";"0.65021"
"2021-02";"M0";"SGD1";"0.67603"
"2021-02";"M0";"THB100";"2.99003"
"2021-02";"M0";"XDR1";"1.29246"
"2021-02";"M0";"USD3M";"0.895"
"2021-02";"M0";"USD6M";"0.8927"
"2021-03";"M0";"EUR1";"1.10624"
"2021-03";"M0";"GBP1";"1.28826"
"2021-03";"M0";"DKK100";"14.87645"
"2021-03";"M0";"NOK100";"10.90131"
"2021-03";"M0";"CZK100";"4.22369"
"2021-03";"M0";"HUF100";"0.30249"
"2021-03";"M0";"PLN100";"24.05762"
"2021-03";"M0";"RUB1";"0.01248"
"2021-03";"M0";"SEK100";"10.87807"
"2021-03";"M0";"TRY100";"12.11563"
"2021-03";"M0";"USD1";"0.92945"
"2021-03";"M0";"CAD1";"0.73898"
"2021-03";"M0";"ARS1";"0.01021"
"2021-03";"M0";"BRL100";"16.47986"
"2021-03";"M0";"MXN100";"4.4692"
"2021-03";"M0";"ZAR1";"0.06201"
"2021-03";"M0";"JPY100";"0.85509"
"2021-03";"M0";"AUD1";"0.71622"
"2021-03";"M0";"CNY100";"14.27819"
"2021-03";"M0";"HKD100";"11.96933"
"2021-03";"M0";"KRW100";"0.0822"
"2021-03";"M0";"MYR100";"22.61039"
"2021-03";"M0";"NZD1";"0.66308"
"2021-03";"M0";"SGD1";"0.69227"
"2021-03";"M0";"THB100";"3.01906"
"2021-03";"M0";"XDR1";"1.3275"
"2021-03";"M0";"USD3M";"0.927"
"2021-03";"M0";"USD6M";"0.9246"
"2021-04";"M0";"EUR1";"1.10326"
"2021-04";"M0";"GBP1";"1.27488"
"2021-04";"M0";"DKK100";"14.83537"
"2021-04";"M0";"NOK100";"10.98858"
"2021-04";"M0";"CZK100";"4.25505"
"2021-04";"M0";"HUF100";"0.30578"
"2021-04";"M0";"PLN100";"24.16934"
"2021-04";"M0";"RUB1";"0.01211"
"2021-04";"M0";"SEK100";"10.85842"
"2021-04";"M0";"TRY100";"11.27475"
"2021-04";"M0";"USD1";"0.92125"
"2021-04";"M0";"CAD1";"0.73686"
"2021-04";"M0";"ARS1";"0.00993"
"2021-04";"M0";"BRL100";"16.56554"
"2021-04";"M0";"MXN100";"4.59498"
"2021-04";"M0";"ZAR1";"0.06395"
"2021-04";"M0";"JPY100";"0.84553"
"2021-04";"M0";"AUD1";"0.70973"
"2021-04";"M0";"CNY100";"14.13592"
"2021-04";"M0";"HKD100";"11.85796"
"2021-04";"M0";"KRW100";"0.08246"
"2021-04";"M0";"MYR100";"22.35603"
"2021-04";"M0";"NZD1";"0.65705"
"2021-04";"M0";"SGD1";"0.69067"
"2021-04";"M0";"THB100";"2.93898"
"2021-04";"M0";"XDR1";"1.31872"
"2021-04";"M0";"USD3M";"0.9207"
"2021-04";"M0";"USD6M";"0.9183"
"2021-05";"M0";"EUR1";"1.09679"
"2021-05";"M0";"GBP1";"1.27102"
"2021-05";"M0";"DKK100";"14.74952"
"2021-05";"M0";"NOK100";"10.8777"
"2021-05";"M0";"CZK100";"4.28878"
"2021-05";"M0";"HUF100";"0.30983"
"2021-05";"M0";"PLN100";"24.2087"
"2021-05";"M0";"RUB1";"0.0122"
"2021-05";"M0";"SEK100";"10.81189"
"2021-05";"M0";"TRY100";"10.78434"
"2021-05";"M0";"USD1";"0.90282"
"2021-05";"M0";"CAD1";"0.74392"
"2021-05";"M0";"ARS1";"0.0096"
"2021-05";"M0";"BRL100";"17.02507"
"2021-05";"M0";"MXN100";"4.51997"
"2021-05";"M0";"ZAR1";"0.06419"
"2021-05";"M0";"JPY100";"0.82732"
"2021-05";"M0";"AUD1";"0.70088"
"2021-05";"M0";"CNY100";"14.0439"
"2021-05";"M0";"HKD100";"11.62675"
"2021-05";"M0";"KRW100";"0.08039"
"2021-05";"M0";"MYR100";"21.87165"
"2021-05";"M0";"NZD1";"0.65228"
"2021-05";"M0";"SGD1";"0.67893"
"2021-05";"M0";"THB100";"2.88732"
"2021-05";"M0";"XDR1";"1.30051"
"2021-05";"M0";"USD3M";"0.9006"
"2021-05";"M0";"USD6M";"0.8985"
"2021-06";"M0";"EUR1";"1.09398"
"2021-06";"M0";"GBP1";"1.27357"
"2021-06";"M0";"DKK100";"14.71126"
"2021-06";"M0";"NOK100";"10.78565"
"2021-06";"M0";"CZK100";"4.29922"
"2021-06";"M0";"HUF100";"0.31283"
"2021-06";"M0";"PLN100";"24.30604"
"2021-06";"M0";"RUB1";"0.01251"
"2021-06";"M0";"SEK100";"10.81675"
"2021-06";"M0";"TRY100";"10.53531"
"2021-06";"M0";"USD1";"0.9079"
"2021-06";"M0";"CAD1";"0.74305"
"2021-06";"M0";"ARS1";"0.00954"
"2021-06";"M0";"BRL100";"18.02775"
"2021-06";"M0";"MXN100";"4.53609"
"2021-06";"M0";"ZAR1";"0.06526"
"2021-06";"M0";"JPY100";"0.82468"
"2021-06";"M0";"AUD1";"0.69401"
"2021-06";"M0";"CNY100";"14.13304"
"2021-06";"M0";"HKD100";"11.69718"
"2021-06";"M0";"KRW100";"0.08092"
"2021-06";"M0";"MYR100";"21.95766"
"2021-06";"M0";"NZD1";"0.6457"
"2021-06";"M0";"SGD1";"0.68088"
"2021-06";"M0";"THB100";"2.8879"
"2021-06";"M0";"XDR1";"1.30273"
"2021-06";"M0";"USD3M";"0.9057"
"2021-06";"M0";"USD6M";"0.9035"
"2021-07";"M0";"EUR1";"1.0854"
"2021-07";"M0";"GBP1";"1.26725"
"2021-07";"M0";"DKK100";"14.59438"
"2021-07";"M0";"NOK100";"10.45764"
"2021-07";"M0";"CZK100";"4.23432"
"2021-07";"M0";"HUF100";"0.30378"
"2021-07";"M0";"PLN100";"23.78405"
"2021-07";"M0";"RUB1";"0.01242"
"2021-07";"M0";"SEK100";"10.64391"
"2021-07";"M0";"TRY100";"10.66861"
"2021-07";"M0";"USD1";"0.91801"
"2021-07";"M0";"CAD1";"0.73309"
"2021-07";"M0";"ARS1";"0.00955"
"2021-07";"M0";"BRL100";"17.8162"
"2021-07";"M0";"MXN100";"4.59495"
"2021-07";"M0";"ZAR1";"0.06321"
"2021-07";"M0";"JPY100";"0.83257"
"2021-07";"M0";"AUD1";"0.68158"
"2021-07";"M0";"CNY100";"14.18181"
"2021-07";"M0";"HKD100";"11.81348"
"2021-07";"M0";"KRW100";"0.08018"
"2021-07";"M0";"MYR100";"21.84979"
"2021-07";"M0";"NZD1";"0.64108"
"2021-07";"M0";"SGD1";"0.67758"
"2021-07";"M0";"THB100";"2.81308"
"2021-07";"M0";"XDR1";"1.30625"
"2021-07";"M0";"USD3M";"0.9158"
"2021-07";"M0";"USD6M";"0.9132"
"2021-08";"M0";"EUR1";"1.07602"
"2021-08";"M0";"GBP1";"1.26153"
"2021-08";"M0";"DKK100";"14.46858"
"2021-08";"M0";"NOK100";"10.32178"
"2021-08";"M0";"CZK100";"4.22482"
"2021-08";"M0";"HUF100";"0.30582"
"2021-08";"M0";"PLN100";"23.55002"
"2021-08";"M0";"RUB1";"0.01243"
"2021-08";"M0";"SEK100";"10.53222"
"2021-08";"M0";"TRY100";"10.78453"
"2021-08";"M0";"USD1";"0.91421"
"2021-08";"M0";"CAD1";"0.72575"
"2021-08";"M0";"ARS1";"0.00941"
"2021-08";"M0";"BRL100";"17.39887"
"2021-08";"M0";"MXN100";"4.55599"
"2021-08";"M0";"ZAR1";"0.06186"
"2021-08";"M0";"JPY100";"0.83228"
"2021-08";"M0";"AUD1";"0.66746"
"2021-08";"M0";"CNY100";"14.11566"
"2021-08";"M0";"HKD100";"11.74486"
"2021-08";"M0";"KRW100";"0.07874"
"2021-08";"M0";"MYR100";"21.67136"
"2021-08";"M0";"NZD1";"0.63756"
"2021-08";"M0";"SGD1";"0.67467"
"2021-08";"M0";"THB100";"2.76201"
"2021-08";"M0";"XDR1";"1.29987"
"2021-08";"M0";"USD3M";"0.912"
"2021-08";"M0";"USD6M";"0.9096"
"2021-09";"M0";"EUR1";"1.08595"
"2021-09";"M0";"GBP1";"1.26734"
"2021-09";"M0";"DKK100";"14.60398"
"2021-09";"M0";"NOK100";"10.65417"
"2021-09";"M0";"CZK100";"4.27845"
"2021-09";"M0";"HUF100";"0.30827"
"2021-09";"M0";"PLN100";"23.77532"
"2021-09";"M0";"RUB1";"0.01265"
"2021-09";"M0";"SEK100";"10.67276"
"2021-09";"M0";"TRY100";"10.7955"
"2021-09";"M0";"USD1";"0.92233"
"2021-09";"M0";"CAD1";"0.72861"
"2021-09";"M0";"ARS1";"0.00939"
"2021-09";"M0";"BRL100";"17.52316"
"2021-09";"M0";"MXN100";"4.60592"
"2021-09";"M0";"ZAR1";"0.06338"
"2021-09";"M0";"JPY100";"0.83728"
"2021-09";"M0";"AUD1";"0.67549"
"2021-09";"M0";"CNY100";"14.28441"
"2021-09";"M0";"HKD100";"11.85431"
"2021-09";"M0";"KRW100";"0.07867"
"2021-09";"M0";"MYR100";"22.13273"
"2021-09";"M0";"NZD1";"0.65154"
"2021-09";"M0";"SGD1";"0.68449"
"2021-09";"M0";"THB100";"2.79031"
"2021-09";"M0";"XDR1";"1.31085"
"2021-09";"M0";"USD3M";"0.9202"
"2021-09";"M0";"USD6M";"0.9178"
"2021-10";"M0";"EUR1";"1.07137"
"2021-10";"M0";"GBP1";"1.26398"
"2021-10";"M0";"DKK100";"14.40046"
"2021-10";"M0";"NOK100";"10.90088"
"2021-10";"M0";"CZK100";"4.2023"
"2021-10";"M0";"HUF100";"0.29682"
"2021-10";"M0";"PLN100";"23.32327"
"2021-10";"M0";"RUB1";"0.01294"
"2021-10";"M0";"SEK100";"10.64842"
"2021-10";"M0";"TRY100";"10.04283"
"2021-10";"M0";"USD1";"0.92356"
"2021-10";"M0";"CAD1";"0.74204"
"2021-10";"M0";"ARS1";"0.00931"
"2021-10";"M0";"BRL100";"16.70066"
"2021-10";"M0";"MXN100";"4.51115"
"2021-10";"M0";"ZAR1";"0.06218"
"2021-10";"M0";"JPY100";"0.81663"
"2021-10";"M0";"AUD1";"0.68326"
"2021-10";"M0";"CNY100";"14.38428"
"2021-10";"M0";"HKD100";"11.87079"
"2021-10";"M0";"KRW100";"0.0781"
"2021-10";"M0";"MYR100";"22.18013"
"2021-10";"M0";"NZD1";"0.65092"
"2021-10";"M0";"SGD1";"0.6836"
"2021-10";"M0";"THB100";"2.76053"
"2021-10";"M0";"XDR1";"1.30324"
"2021-10";"M0";"USD3M";"0.921"
"2021-10";"M0";"USD6M";"0.9188"
"2021-11";"M0";"EUR1";"1.05217"
"2021-11";"M0";"GBP1";"1.24082"
"2021-11";"M0";"DKK100";"14.14731"
"2021-11";"M0";"NOK100";"10.56299"
"2021-11";"M0";"CZK100";"4.14278"
"2021-11";"M0";"HUF100";"0.28869"
"2021-11";"M0";"PLN100";"22.63431"
"2021-11";"M0";"RUB1";"0.01266"
"2021-11";"M0";"SEK100";"10.47546"
"2021-11";"M0";"TRY100";"8.70018"
"2021-11";"M0";"USD1";"0.92184"
"2021-11";"M0";"CAD1";"0.73375"
"2021-11";"M0";"ARS1";"0.00919"
"2021-11";"M0";"BRL100";"16.58544"
"2021-11";"M0";"MXN100";"4.41642"
"2021-11";"M0";"ZAR1";"0.05941"
"2021-11";"M0";"JPY100";"0.80879"
"2021-11";"M0";"AUD1";"0.67368"
"2021-11";"M0";"CNY100";"14.4293"
"2021-11";"M0";"HKD100";"11.8332"
"2021-11";"M0";"KRW100";"0.0779"
"2021-11";"M0";"MYR100";"22.06395"
"2021-11";"M0";"NZD1";"0.64708"
"2021-11";"M0";"SGD1";"0.67931"
"2021-11";"M0";"THB100";"2.78574"
"2021-11";"M0";"XDR1";"1.29376"
"2021-11";"M0";"USD3M";"0.9191"
"2021-11";"M0";"USD6M";"0.9167"
"2021-12";"M0";"EUR1";"1.04078"
"2021-12";"M0";"GBP1";"1.2259"
"2021-12";"M0";"DKK100";"13.99625"
"2021-12";"M0";"NOK100";"10.26689"
"2021-12";"M0";"CZK100";"4.12174"
"2021-12";"M0";"HUF100";"0.2833"
"2021-12";"M0";"PLN100";"22.5478"
"2021-12";"M0";"RUB1";"0.01248"
"2021-12";"M0";"SEK100";"10.13557"
"2021-12";"M0";"TRY100";"6.86317"
"2021-12";"M0";"USD1";"0.9209"
"2021-12";"M0";"CAD1";"0.71976"
"2021-12";"M0";"ARS1";"0.00904"
"2021-12";"M0";"BRL100";"16.28731"
"2021-12";"M0";"MXN100";"4.40168"
"2021-12";"M0";"ZAR1";"0.05802"
"2021-12";"M0";"JPY100";"0.80808"
"2021-12";"M0";"AUD1";"0.65938"
"2021-12";"M0";"CNY100";"14.46188"
"2021-12";"M0";"HKD100";"11.80821"
"2021-12";"M0";"KRW100";"0.07778"
"2021-12";"M0";"MYR100";"21.87046"
"2021-12";"M0";"NZD1";"0.62512"
"2021-12";"M0";"SGD1";"0.67564"
"2021-12";"M0";"THB100";"2.74434"
"2021-12";"M0";"XDR1";"1.28692"
"2021-12";"M0";"USD3M";"0.9183"
"2021-12";"M0";"USD6M";"0.9157"
"2022-01";"M0";"EUR1";"1.04018"
"2022-01";"M0";"GBP1";"1.24588"
"2022-01";"M0";"DKK100";"13.97931"
"2022-01";"M0";"NOK100";"10.39293"
"2022-01";"M0";"CZK100";"4.2518"
"2022-01";"M0";"HUF100";"0.29001"
"2022-01";"M0";"PLN100";"22.84826"
"2022-01";"M0";"RUB1";"0.01202"
"2022-01";"M0";"SEK100";"10.05149"
"2022-01";"M0";"TRY100";"6.77205"
"2022-01";"M0";"USD1";"0.91868"
"2022-01";"M0";"CAD1";"0.72822"
"2022-01";"M0";"ARS1";"0.00885"
"2022-01";"M0";"BRL100";"16.58074"
"2022-01";"M0";"MXN100";"4.48265"
"2022-01";"M0";"ZAR1";"0.05935"
"2022-01";"M0";"JPY100";"0.79952"
"2022-01";"M0";"AUD1";"0.65982"
"2022-01";"M0";"CNY100";"14.45474"
"2022-01";"M0";"HKD100";"11.78955"
"2022-01";"M0";"KRW100";"0.07682"
"2022-01";"M0";"MYR100";"21.9261"
"2022-01";"M0";"NZD1";"0.61981"
"2022-01";"M0";"SGD1";"0.68021"
"2022-01";"M0";"THB100";"2.76562"
"2022-01";"M0";"XDR1";"1.28656"
"2022-01";"M0";"USD3M";"0.9162"
"2022-01";"M0";"USD6M";"0.9132"
"2022-02";"M0";"EUR1";"1.04611"
"2022-02";"M0";"GBP1";"1.24925"
"2022-02";"M0";"DKK100";"14.05885"
"2022-02";"M0";"NOK100";"10.39822"
"2022-02";"M0";"CZK100";"4.28312"
"2022-02";"M0";"HUF100";"0.29317"
"2022-02";"M0";"PLN100";"22.99345"
"2022-02";"M0";"RUB1";"0.01183"
"2022-02";"M0";"SEK100";"9.92367"
"2022-02";"M0";"TRY100";"6.7559"
"2022-02";"M0";"USD1";"0.92266"
"2022-02";"M0";"CAD1";"0.7253"
"2022-02";"M0";"ARS1";"0.00869"
"2022-02";"M0";"BRL100";"17.75218"
"2022-02";"M0";"MXN100";"4.50944"
"2022-02";"M0";"ZAR1";"0.0606"
"2022-02";"M0";"JPY100";"0.80117"
"2022-02";"M0";"AUD1";"0.66085"
"2022-02";"M0";"CNY100";"14.54277"
"2022-02";"M0";"HKD100";"11.82933"
"2022-02";"M0";"KRW100";"0.07697"
"2022-02";"M0";"MYR100";"22.03235"
"2022-02";"M0";"NZD1";"0.6157"
"2022-02";"M0";"SGD1";"0.68504"
"2022-02";"M0";"THB100";"2.82734"
"2022-02";"M0";"XDR1";"1.29276"
"2022-02";"M0";"USD3M";"0.9197"
"2022-02";"M0";"USD6M";"0.9157"
"2022-03";"M0";"EUR1";"1.02458"
"2022-03";"M0";"GBP1";"1.22444"
"2022-03";"M0";"DKK100";"13.77083"
"2022-03";"M0";"NOK100";"10.52065"
"2022-03";"M0";"CZK100";"4.10213"
"2022-03";"M0";"HUF100";"0.27214"
"2022-03";"M0";"PLN100";"21.55273"
"2022-03";"M0";"RUB1";"0.00872"
"2022-03";"M0";"SEK100";"9.7168"
"2022-03";"M0";"TRY100";"6.35487"
"2022-03";"M0";"USD1";"0.92967"
"2022-03";"M0";"CAD1";"0.73428"
"2022-03";"M0";"ARS1";"0.00851"
"2022-03";"M0";"BRL100";"18.65366"
"2022-03";"M0";"MXN100";"4.51944"
"2022-03";"M0";"ZAR1";"0.06202"
"2022-03";"M0";"JPY100";"0.78397"
"2022-03";"M0";"AUD1";"0.68516"
"2022-03";"M0";"CNY100";"14.65311"
"2022-03";"M0";"HKD100";"11.88409"
"2022-03";"M0";"KRW100";"0.07615"
"2022-03";"M0";"MYR100";"22.13094"
"2022-03";"M0";"NZD1";"0.63815"
"2022-03";"M0";"SGD1";"0.68398"
"2022-03";"M0";"THB100";"2.79513"
"2022-03";"M0";"XDR1";"1.2849"
"2022-03";"M0";"USD3M";"0.926"
"2022-03";"M0";"USD6M";"0.9209"
"2022-04";"M0";"EUR1";"1.02172"
"2022-04";"M0";"GBP1";"1.22122"
"2022-04";"M0";"DKK100";"13.73474"
"2022-04";"M0";"NOK100";"10.61003"
"2022-04";"M0";"CZK100";"4.18104"
"2022-04";"M0";"HUF100";"0.27238"
"2022-04";"M0";"PLN100";"21.97446"
"2022-04";"M0";"RUB1";"0.01191"
"2022-04";"M0";"SEK100";"9.90104"
"2022-04";"M0";"TRY100";"6.41082"
"2022-04";"M0";"USD1";"0.94391"
"2022-04";"M0";"CAD1";"0.74814"
"2022-04";"M0";"ARS1";"0.00834"
"2022-04";"M0";"BRL100";"19.92795"
"2022-04";"M0";"MXN100";"4.7026"
"2022-04";"M0";"ZAR1";"0.06282"
"2022-04";"M0";"JPY100";"0.7473"
"2022-04";"M0";"AUD1";"0.69682"
"2022-04";"M0";"CNY100";"14.66993"
"2022-04";"M0";"HKD100";"12.03787"
"2022-04";"M0";"KRW100";"0.07641"
"2022-04";"M0";"MYR100";"22.09732"
"2022-04";"M0";"NZD1";"0.63928"
"2022-04";"M0";"SGD1";"0.69102"
"2022-04";"M0";"THB100";"2.79307"
"2022-04";"M0";"XDR1";"1.2891"
"2022-04";"M0";"USD3M";"0.9394"
"2022-04";"M0";"USD6M";"0.9331"
"2022-05";"M0";"EUR1";"1.03591"
"2022-05";"M0";"GBP1";"1.21942"
"2022-05";"M0";"DKK100";"13.92306"
"2022-05";"M0";"NOK100";"10.21936"
"2022-05";"M0";"CZK100";"4.18452"
"2022-05";"M0";"HUF100";"0.26978"
"2022-05";"M0";"PLN100";"22.26913"
"2022-05";"M0";"RUB1";"0.01523"
"2022-05";"M0";"SEK100";"9.87572"
"2022-05";"M0";"TRY100";"6.2913"
"2022-05";"M0";"USD1";"0.98024"
"2022-05";"M0";"CAD1";"0.76282"
"2022-05";"M0";"ARS1";"0.00834"
"2022-05";"M0";"BRL100";"19.73513"
"2022-05";"M0";"MXN100";"4.88533"
"2022-05";"M0";"ZAR1";"0.06161"
"2022-05";"M0";"JPY100";"0.76041"
"2022-05";"M0";"AUD1";"0.69113"
"2022-05";"M0";"CNY100";"14.63506"
"2022-05";"M0";"HKD100";"12.48849"
"2022-05";"M0";"KRW100";"0.07732"
"2022-05";"M0";"MYR100";"22.37555"
"2022-05";"M0";"NZD1";"0.6274"
"2022-05";"M0";"SGD1";"0.70881"
"2022-05";"M0";"THB100";"2.84735"
"2022-05";"M0";"XDR1";"1.31461"
"2022-05";"M0";"USD3M";"0.974"
"2022-05";"M0";"USD6M";"0.967"
"2022-06";"M0";"EUR1";"1.02495"
"2022-06";"M0";"GBP1";"1.19485"
"2022-06";"M0";"DKK100";"13.77732"
"2022-06";"M0";"NOK100";"9.94607"
"2022-06";"M0";"CZK100";"4.14539"
"2022-06";"M0";"HUF100";"0.25822"
"2022-06";"M0";"PLN100";"22.05405"
"2022-06";"M0";"RUB1";"0.01703"
"2022-06";"M0";"SEK100";"9.66685"
"2022-06";"M0";"TRY100";"5.69668"
"2022-06";"M0";"USD1";"0.96962"
"2022-06";"M0";"CAD1";"0.75647"
"2022-06";"M0";"ARS1";"0.00791"
"2022-06";"M0";"BRL100";"19.2346"
"2022-06";"M0";"MXN100";"4.84534"
"2022-06";"M0";"ZAR1";"0.06138"
"2022-06";"M0";"JPY100";"0.72381"
"2022-06";"M0";"AUD1";"0.68082"
"2022-06";"M0";"CNY100";"14.47895"
"2022-06";"M0";"HKD100";"12.35462"
"2022-06";"M0";"KRW100";"0.07582"
"2022-06";"M0";"MYR100";"22.02477"
"2022-06";"M0";"NZD1";"0.61565"
"2022-06";"M0";"SGD1";"0.70067"
"2022-06";"M0";"THB100";"2.77386"
"2022-06";"M0";"XDR1";"1.2963"
"2022-06";"M0";"USD3M";"0.9631"
"2022-06";"M0";"USD6M";"0.9558"
"2022-07";"M0";"EUR1";"0.98765"
"2022-07";"M0";"GBP1";"1.16254"
"2022-07";"M0";"DKK100";"13.2707"
"2022-07";"M0";"NOK100";"9.68793"
"2022-07";"M0";"CZK100";"4.01505"
"2022-07";"M0";"HUF100";"0.24444"
"2022-07";"M0";"PLN100";"20.69005"
"2022-07";"M0";"RUB1";"0.01642"
"2022-07";"M0";"SEK100";"9.33381"
"2022-07";"M0";"TRY100";"5.54941"
"2022-07";"M0";"USD1";"0.96954"
"2022-07";"M0";"CAD1";"0.74919"
"2022-07";"M0";"ARS1";"0.00757"
"2022-07";"M0";"BRL100";"18.04921"
"2022-07";"M0";"MXN100";"4.72285"
"2022-07";"M0";"ZAR1";"0.05752"
"2022-07";"M0";"JPY100";"0.70908"
"2022-07";"M0";"AUD1";"0.66437"
"2022-07";"M0";"CNY100";"14.40007"
"2022-07";"M0";"HKD100";"12.35213"
"2022-07";"M0";"KRW100";"0.07414"
"2022-07";"M0";"MYR100";"21.83229"
"2022-07";"M0";"NZD1";"0.60063"
"2022-07";"M0";"SGD1";"0.69464"
"2022-07";"M0";"THB100";"2.66648"
"2022-07";"M0";"XDR1";"1.27828"
"2022-07";"M0";"USD3M";"0.9626"
"2022-07";"M0";"USD6M";"0.954"
"2022-08";"M0";"EUR1";"0.96899"
"2022-08";"M0";"GBP1";"1.14693"
"2022-08";"M0";"DKK100";"13.0253"
"2022-08";"M0";"NOK100";"9.8602"
"2022-08";"M0";"CZK100";"3.94514"
"2022-08";"M0";"HUF100";"0.24092"
"2022-08";"M0";"PLN100";"20.52874"
"2022-08";"M0";"RUB1";"0.01576"
"2022-08";"M0";"SEK100";"9.21974"
"2022-08";"M0";"TRY100";"5.30527"
"2022-08";"M0";"USD1";"0.95717"
"2022-08";"M0";"CAD1";"0.74116"
"2022-08";"M0";"ARS1";"0.00709"
"2022-08";"M0";"BRL100";"18.61382"
"2022-08";"M0";"MXN100";"4.75566"
"2022-08";"M0";"ZAR1";"0.05734"
"2022-08";"M0";"JPY100";"0.70772"
"2022-08";"M0";"AUD1";"0.66613"
"2022-08";"M0";"CNY100";"14.06791"
"2022-08";"M0";"HKD100";"12.1992"
"2022-08";"M0";"KRW100";"0.07249"
"2022-08";"M0";"MYR100";"21.42617"
"2022-08";"M0";"NZD1";"0.59962"
"2022-08";"M0";"SGD1";"0.69142"
"2022-08";"M0";"THB100";"2.67159"
"2022-08";"M0";"XDR1";"1.2583"
"2022-08";"M0";"USD3M";"0.9497"
"2022-08";"M0";"USD6M";"0.9411"
"2022-09";"M0";"EUR1";"0.96419"
"2022-09";"M0";"GBP1";"1.10347"
"2022-09";"M0";"DKK100";"12.96564"
"2022-09";"M0";"NOK100";"9.50279"
"2022-09";"M0";"CZK100";"3.92288"
"2022-09";"M0";"HUF100";"0.23873"
"2022-09";"M0";"PLN100";"20.32739"
"2022-09";"M0";"RUB1";"0.0162"
"2022-09";"M0";"SEK100";"8.94482"
"2022-09";"M0";"TRY100";"5.31038"
"2022-09";"M0";"USD1";"0.97293"
"2022-09";"M0";"CAD1";"0.73088"
"2022-09";"M0";"ARS1";"0.0068"
"2022-09";"M0";"BRL100";"18.62051"
"2022-09";"M0";"MXN100";"4.84742"
"2022-09";"M0";"ZAR1";"0.05544"
"2022-09";"M0";"JPY100";"0.68075"
"2022-09";"M0";"AUD1";"0.65041"
"2022-09";"M0";"CNY100";"13.85476"
"2022-09";"M0";"HKD100";"12.39519"
"2022-09";"M0";"KRW100";"0.06972"
"2022-09";"M0";"MYR100";"21.40682"
"2022-09";"M0";"NZD1";"0.57777"
"2022-09";"M0";"SGD1";"0.68832"
"2022-09";"M0";"THB100";"2.62679"
"2022-09";"M0";"XDR1";"1.25636"
"2022-09";"M0";"USD3M";"0.9651"
"2022-09";"M0";"USD6M";"0.9566"
