location,Basel,Basel,Basel,Basel,Basel,Basel,Basel,Basel
lat,47.75000,47.75000,47.75000,47.75000,47.75000,47.75000,47.75000,47.75000
lon,7.50000,7.50000,7.50000,7.50000,7.50000,7.50000,7.50000,7.50000
asl,363.653,363.653,363.653,363.653,363.653,363.653,363.653,363.653
variable,Temperature,Temperature,Temperature,Precipitation Total,Wind Speed,Wind Speed,Wind Speed,Wind Direction Dominant
unit,째C,째C,째C,mm,km/h,km/h,km/h,째
level,2 m elevation corrected,2 m elevation corrected,2 m elevation corrected,sfc,10 m,10 m,10 m,10 m
resolution,daily,daily,daily,daily,daily,daily,daily,daily
aggregation,Maximum,Minimum,Mean,Summation,Maximum,Minimum,Mean,None
timestamp,Basel Temperature [2 m elevation corrected],Basel Temperature [2 m elevation corrected],Basel Temperature [2 m elevation corrected],Basel Precipitation Total,Basel Wind Speed [10 m],Basel Wind Speed [10 m],Basel Wind Speed [10 m],Basel Wind Direction Dominant [10 m]
20220101T0000,12.100245,2.4402454,5.6219115,0.0,6.638072,3.2599385,5.4237685,154.22568
20220102T0000,12.5602455,2.3102455,7.6081624,0.0,18.668005,6.28713,10.7844925,201.94214
20220103T0000,12.550245,11.150246,11.911494,3.2,20.608229,11.457958,14.843113,227.62717
20220104T0000,16.250246,5.670245,11.968997,16.0,28.90107,9.085988,18.765718,234.92068
20220105T0000,5.610245,0.84024537,3.3306625,5.0000005,15.696165,4.8433046,11.023347,254.33292
20220106T0000,4.4802456,-1.4697546,1.9552456,1.0,6.9899354,0.35999998,4.1318517,245.97974
20220107T0000,3.2702456,-2.0597544,0.94107866,1.8000001,17.193533,4.802999,10.61527,201.04362
20220108T0000,5.880245,2.6002455,4.240662,6.1000004,22.104116,10.883676,16.818232,217.63092
20220109T0000,6.2202454,1.6502454,3.9614952,13.5,27.80403,4.3349743,14.621615,237.89778
20220110T0000,4.8302455,-0.51975465,2.0423286,0.1,9.290511,2.2768397,6.0615845,17.051254
20220111T0000,4.3202453,-1.7397546,0.82399553,0.0,11.720751,5.8048253,7.852198,37.755493
20220112T0000,2.8202453,-3.6697545,-1.3443379,0.0,6.696387,3.396233,5.324921,64.5807
20220113T0000,3.3602452,-4.2597547,-1.6047546,0.0,7.9932966,2.4149535,4.639107,74.58459
20220114T0000,5.7802453,-4.1897545,-0.8935048,0.0,5.1165614,2.3051248,3.828823,142.62671
20220115T0000,3.7602453,-4.1297545,-1.1285046,0.0,6.1305785,3.0547013,4.485357,142.82062
20220116T0000,2.3102455,-2.3297548,-0.3560045,0.3,9.227524,4.32,6.3279247,216.77463
20220117T0000,5.9102454,-0.0697546,2.5335786,0.3,8.161764,0.35999998,4.3755403,223.96466
20220118T0000,6.0602455,0.5602454,2.392329,0.0,11.885453,2.7416782,6.541781,61.05703
20220119T0000,3.6002455,-0.1397546,1.9444121,0.0,13.527572,4.73506,8.297255,214.85085
20220120T0000,5.2002454,-0.1997546,2.6406624,4.2999997,10.464797,4.829907,7.5791473,273.1073
20220121T0000,3.6202455,-0.88975465,1.1852454,0.0,10.495713,0.8049845,4.4557233,11.1362915
20220122T0000,5.5502453,-0.98975456,1.4494122,0.0,3.9763298,0.8049845,2.5374165,148.46521
20220123T0000,5.9902453,-1.3397546,1.1464955,0.0,7.4128532,2.5455842,4.7452717,74.38638
20220124T0000,5.3102455,-1.9297546,0.5581621,0.0,7.7879906,3.096837,4.965605,131.0852
20220125T0000,5.6002455,-2.5797548,0.20524526,0.0,6.489992,2.9024127,4.676786,160.37155
20220126T0000,2.7002454,-2.8297548,-0.80017114,0.0,6.489992,2.0991426,3.7136686,205.66519
20220127T0000,1.5902454,-3.8297548,-0.9885047,0.6,8.707237,2.4149535,6.241116,221.96596
20220128T0000,5.650245,0.00024539232,2.5510786,0.0,7.9526596,0.71999997,5.2354007,232.28403
20220129T0000,6.4302454,-0.77975464,3.1360786,0.9000001,14.021525,4.452954,9.805887,221.81311
20220130T0000,8.910245,0.5702454,5.6610794,2.0000002,12.599998,1.484318,7.077046,239.88153
20220131T0000,5.7002454,1.1302454,4.2989955,6.0000005,21.897945,5.506941,15.305332,255.08862
20220201T0000,4.9702454,2.6202455,3.4173288,4.400001,19.734436,10.464797,15.562972,237.28954
20220202T0000,9.100245,5.3202453,7.7802434,9.299999,17.786331,6.4096174,12.265672,248.31851
20220203T0000,8.710245,3.7202454,6.545244,0.4,10.24578,2.968636,5.625349,174.37163
20220204T0000,8.010245,3.9602456,6.4452443,1.0,16.92383,6.12,11.168567,227.47977
20220205T0000,8.0602455,0.5002454,3.713995,0.6,9.449572,4.6800003,7.165837,236.7029
20220206T0000,7.7802453,1.4102454,5.2477455,9.299999,32.112724,8.225035,22.726532,222.45158
20220207T0000,8.490246,-1.6897546,4.4431624,7.7999997,28.883131,5.0911684,13.675256,268.91086
20220208T0000,10.820246,-1.4897546,3.4960787,0.0,8.707238,3.4152596,5.820471,181.66248
20220209T0000,12.770246,-1.5997547,3.5764954,0.0,6.87779,4.198285,5.3820043,158.10774
20220210T0000,10.690246,0.4402454,6.1531615,1.1,13.608762,4.2136917,7.952442,216.46451
20220211T0000,8.030246,-1.8697547,4.843162,7.0000005,11.119281,4.2136917,7.418299,337.90576
20220212T0000,6.1202455,-3.0597544,0.6381622,0.0,7.7043357,3.9763298,6.21545,113.722916
20220213T0000,11.800245,-1.3997546,3.6319122,0.0,11.384199,6.763786,7.921882,152.80052
20220214T0000,7.540245,0.4802454,4.3244123,7.1000004,11.269782,5.4477882,8.268143,172.69705
20220215T0000,7.980245,3.9102454,5.871079,0.4,14.003029,6.12,9.824753,220.79778
20220216T0000,11.240245,5.540245,8.205245,5.1999993,26.739542,14.578888,20.105917,210.54024
20220217T0000,12.910245,8.460245,11.628578,2.3999999,29.914679,7.5170207,22.573008,244.97345
20220218T0000,15.270246,7.420245,10.892745,2.6000001,26.089447,7.2359104,15.975062,232.54634
20220219T0000,9.140245,4.110245,6.4927444,0.0,18.218275,8.350138,14.398948,244.91995
20220220T0000,10.420245,5.790245,8.336495,0.1,27.722336,15.408671,21.61566,224.83066
20220221T0000,10.360246,4.9102454,6.9427457,10.5,31.072817,9.346143,21.319487,244.93253
20220222T0000,9.460245,5.420245,7.5431614,1.1,19.826164,9.693296,14.248303,239.30028
20220223T0000,12.290245,2.9602456,8.07483,0.6,14.291592,2.6208394,6.0320663,184.31252
20220224T0000,12.570246,2.2202454,7.323162,1.6000001,23.617756,6.792466,12.769345,219.43556
20220225T0000,7.500245,0.97024536,4.161079,0.70000005,17.015474,5.0911684,9.360404,256.53885
20220226T0000,8.260245,-0.23975462,3.3552458,0.0,14.693999,1.2979984,7.886308,53.228798
20220227T0000,10.030245,-2.0597544,2.9464953,0.0,12.979984,5.495161,8.180049,63.530914
20220228T0000,9.800245,-3.2497544,2.3889954,0.0,6.87779,2.968636,4.790892,101.27071
20220301T0000,9.760245,-3.3797545,2.261912,0.0,6.9899354,1.484318,3.9481122,111.54098
20220302T0000,10.230246,-2.7897544,3.4456618,0.0,5.3517847,1.1384199,3.3773773,124.93094
20220303T0000,12.940246,-1.7197546,4.7789955,0.0,10.390226,0.5091169,4.2921805,44.037125
20220304T0000,10.5602455,-2.7997546,2.9381618,0.0,10.137692,3.7064266,6.6889305,45.7957
20220305T0000,8.320246,-3.3297548,1.6739956,0.0,10.495713,2.9024127,6.1200566,43.761963
20220306T0000,7.4102454,-3.1397548,1.2360787,0.0,11.090103,5.495161,8.174328,32.93222
20220307T0000,7.290245,-4.0097547,0.82857865,0.0,11.298495,6.151683,8.453028,57.206497
20220308T0000,9.0602455,-4.2997546,1.4827453,0.0,7.7879906,3.096837,5.8160534,110.19433
20220309T0000,13.500245,-4.4397545,3.6331618,0.0,5.495161,2.2768397,4.30909,136.23863
20220310T0000,14.800245,-1.9997545,5.308579,0.0,6.4096174,2.0364676,4.2360673,113.87193
20220311T0000,13.900246,-1.3697546,5.897745,0.0,8.891344,3.4152596,5.8245797,123.17851
20220312T0000,14.570246,3.7602453,8.359828,0.0,9.107359,1.484318,4.8915052,72.192345
20220313T0000,16.480246,2.0202456,9.236496,0.9,12.758432,1.5273507,6.1842885,130.23637
20220314T0000,14.690246,5.1602454,9.223579,0.6,12.031756,2.4149535,5.995628,187.93274
20220315T0000,10.800245,6.2402453,8.135662,4.4000006,11.966953,0.35999998,5.7668757,164.62778
20220316T0000,14.340245,5.500245,9.058162,0.0,7.386582,4.072935,5.7131476,121.50426
20220317T0000,14.670245,6.230245,9.955245,0.4,16.039202,0.8049845,9.427558,15.177063
20220318T0000,13.120245,7.6602454,10.008996,0.0,22.771244,10.587917,16.002441,37.402756
20220319T0000,14.370245,4.4302454,9.103579,0.0,16.1198,5.154415,10.989587,46.581726
20220320T0000,17.760244,2.8402452,8.984411,0.4,9.693296,3.7585104,7.319412,148.6296
20220321T0000,17.400246,1.8102454,9.398579,0.0,7.729527,1.5273507,4.5542974,83.95943
20220322T0000,17.340246,1.3102454,8.906912,0.0,8.311245,0.8049845,3.673545,46.7899
20220323T0000,18.460245,1.1802454,9.391078,0.0,10.041354,0.71999997,4.4271364,16.792511
20220324T0000,19.470245,0.6102454,9.664412,0.0,10.823973,1.1384199,4.6621475,26.93953
20220325T0000,19.600245,1.5202454,10.538162,0.0,10.495713,2.0991426,6.515163,33.96878
20220326T0000,20.200245,3.3702455,11.273994,0.0,12.594856,3.8939953,8.672223,37.812088
20220327T0000,20.120245,2.8202453,11.210662,0.0,8.654986,2.5455842,5.3524566,48.218628
20220328T0000,21.370245,2.8002453,11.743995,0.0,7.072878,1.609969,4.4446917,176.46771
20220329T0000,18.870245,6.1802454,12.539411,0.0,14.345898,1.8,6.6747875,198.60497
20220330T0000,13.0602455,8.150246,11.017745,5.0,10.195057,1.08,5.3101363,222.01854
20220331T0000,10.570246,6.0502453,8.248163,4.3,12.768586,2.5455842,6.972092,281.7683
20220401T0000,5.6602454,0.14024541,2.9239953,10.899999,15.580141,7.42159,10.620851,323.65903
20220402T0000,2.6602454,0.050245404,1.1660787,4.3999996,19.296133,7.9932976,13.630103,0.38067627
20220403T0000,4.150245,0.2902454,2.1131623,0.70000005,14.88242,5.4119864,9.217999,16.129791
20220404T0000,8.490246,-1.5797547,4.1460786,0.2,17.555307,1.2979984,8.677344,238.30125
20220405T0000,11.370245,5.3002453,8.223996,2.3,14.05845,5.634891,10.494209,217.91183
20220406T0000,14.210245,9.120245,11.678162,1.3000001,15.408671,4.896529,10.297184,234.34628
20220407T0000,12.440246,10.050245,11.302329,9.0,33.425762,15.876775,25.553823,225.46187
20220408T0000,13.270246,8.8102455,11.250245,21.499998,34.802895,10.239453,22.301865,230.60703
20220409T0000,8.750245,3.1902456,5.688579,7.9999986,21.096123,4.3498964,9.588892,286.96942
20220410T0000,11.970245,0.88024545,5.9881616,0.1,8.4963045,0.35999998,4.8249774,163.00917
20220411T0000,17.520245,1.1402454,9.433995,0.0,8.557102,3.396233,6.2037334,120.494736
20220412T0000,22.050245,4.980245,14.052745,0.0,8.0899935,0.8049845,5.2858167,136.39102
20220413T0000,23.030245,9.200245,16.740246,0.0,10.630672,3.2399998,7.0801263,315.74408
20220414T0000,21.800245,11.270246,16.35233,1.0000001,12.245294,0.8049845,6.2108154,348.54614
20220415T0000,21.190245,11.740245,16.071495,0.0,11.090103,3.8773184,7.649526,21.779587
20220416T0000,16.910246,6.860245,12.07108,0.0,16.641972,6.8777895,11.129532,46.772614
20220417T0000,18.370245,3.4102454,10.709412,0.0,14.689588,6.3690495,10.008319,54.170135
20220418T0000,18.490246,1.6902454,10.465244,0.0,9.3876505,2.9024127,5.6852794,44.469482
20220419T0000,18.950245,2.0302453,11.153995,0.0,10.495713,2.2768397,5.878923,23.173706
20220420T0000,18.140245,5.110245,11.489829,0.0,13.854155,4.198285,8.379735,41.376602
20220421T0000,19.200245,2.3902454,11.265662,0.0,12.661564,3.8773184,7.999767,36.532196
20220422T0000,18.790245,5.0902452,11.977328,0.0,10.948973,4.452954,7.3068547,31.27562
20220423T0000,14.620245,8.450246,11.53066,2.9,10.990322,0.35999998,6.5030217,37.78572
20220424T0000,11.300245,7.8102455,9.8919115,15.700001,18.161278,5.5887027,10.525156,228.31508
20220425T0000,13.870245,9.650246,11.523162,9.8,12.783802,2.0364676,5.778078,215.1244
20220426T0000,14.200245,8.520246,10.930661,2.3999999,11.874544,1.1384199,6.269522,280.22574
20220427T0000,17.620245,3.7402453,10.647744,0.0,11.304229,5.3999996,8.360493,44.47435
20220428T0000,20.840246,4.4402456,12.771912,0.0,10.685391,3.7064266,7.3080134,54.097008
20220429T0000,19.060246,4.2602453,12.931079,0.1,8.587338,1.9386592,5.029754,358.83878
20220430T0000,15.500245,7.610245,12.000664,3.1,12.682018,0.71999997,6.860624,356.1765
20220501T0000,16.350246,5.7402453,10.726497,0.0,8.654986,3.8773184,6.024269,15.372665
20220502T0000,19.040245,4.4302454,12.663994,0.0,9.9571085,3.5455887,6.8257823,31.156494
20220503T0000,20.240246,7.5702453,14.168998,0.3,6.725354,1.4399999,3.5657728,48.42386
20220504T0000,19.330246,7.7602453,13.941078,1.5000001,6.5693827,3.096837,4.533624,205.94229
20220505T0000,13.070246,10.930245,12.226079,11.199999,10.948973,1.609969,5.081644,332.00793
20220506T0000,17.030245,10.990245,13.40858,7.1999993,15.725037,5.2416787,9.415877,5.5368805
20220507T0000,20.260244,9.190246,14.960244,0.3,11.525623,1.1384199,5.612534,28.881683
20220508T0000,19.900246,8.900246,15.393161,0.3,13.363711,4.3349743,7.877445,32.369263
20220509T0000,23.400246,11.520246,17.118578,0.0,7.653705,2.5455842,4.929884,48.83226
20220510T0000,25.180244,11.110246,18.52608,0.0,8.217153,2.5959969,5.0626864,189.03949
20220511T0000,27.940245,12.480246,20.889828,0.0,18.278645,4.379589,9.337704,211.29666
20220512T0000,25.440245,16.120245,20.268995,3.0,13.708391,3.4152596,8.183091,240.34528
20220513T0000,21.680244,15.700245,18.256912,3.0,10.805998,1.484318,5.4780364,288.2749
20220514T0000,24.360245,11.730246,17.740664,0.0,9.255571,2.968636,5.7334867,24.874146
20220515T0000,27.680244,9.850245,19.509829,0.0,6.4096174,1.609969,4.2806244,111.2505
20220516T0000,24.260244,14.480246,19.28608,2.7,11.525623,1.0182338,5.263038,218.42809
20220517T0000,26.840246,12.340245,19.852743,0.0,9.605998,3.2399998,5.570702,52.871178
20220518T0000,29.130245,13.210245,21.782745,0.0,7.9036193,4.0249224,5.8977356,78.530464
20220519T0000,28.560246,15.170245,22.594414,0.0,11.923557,2.0991426,6.9210477,182.70222
20220520T0000,31.360245,16.980246,24.405245,0.3,16.263872,3.319036,9.617669,209.77557
20220521T0000,24.470245,13.780245,20.074411,0.4,9.83268,1.2979984,5.285004,337.99725
20220522T0000,24.510244,11.910245,18.533579,0.2,13.281023,1.484318,6.2771354,65.74285
20220523T0000,24.890245,15.260245,19.49941,3.1999998,12.7279215,1.5273507,7.303119,206.12825
20220524T0000,18.740246,12.650246,16.052328,0.6,19.211996,3.2599385,10.447278,255.46234
20220525T0000,22.170246,12.200245,17.090246,0.0,10.538843,1.484318,5.656566,270.1623
20220526T0000,21.370245,11.580245,16.787329,0.0,10.8955765,4.0249224,7.4974685,263.6753
20220527T0000,22.090246,10.910245,16.808996,0.0,14.917212,4.0249224,9.101016,278.29474
20220528T0000,19.730246,10.880245,15.345664,0.0,13.979871,4.452954,9.400697,3.0859833
20220529T0000,17.630245,8.680245,13.212327,0.2,13.75558,5.5887027,9.896365,5.5958557
20220530T0000,21.190245,6.670245,14.551076,0.0,10.829959,1.2979984,5.6483607,30.439713
20220531T0000,22.420246,9.400246,16.541914,0.0,18.289274,1.08,9.019544,217.66711
20220601T0000,21.870245,11.0602455,17.408579,0.0,14.689588,0.8049845,7.9501996,215.52318
20220602T0000,24.570246,13.110246,18.947746,0.4,7.42159,1.5273507,5.7225194,56.58342
20220603T0000,24.120245,13.960245,19.618996,0.6,9.3669195,2.4149535,5.424455,122.09259
20220604T0000,29.320246,16.830246,22.667742,1.6000001,10.30883,1.9386592,5.494329,41.63353
20220605T0000,24.560246,15.630245,19.995245,2.7,15.496736,3.9763298,8.581853,235.75797
20220606T0000,23.400246,13.860246,19.085245,2.4,10.239453,2.1897945,6.3056602,243.8247
20220607T0000,20.230246,13.500245,17.473164,2.6000001,14.830076,2.5455842,7.744753,250.68814
20220608T0000,22.060246,11.350245,16.360245,13.399999,16.45007,5.1919937,9.846311,217.05281
20220609T0000,18.690245,11.770246,15.875245,1.8000002,15.192682,4.5536795,9.345904,267.4974
20220610T0000,24.800245,8.400246,17.516493,0.0,4.6800003,0.5091169,2.343231,146.18176
20220611T0000,28.410246,11.430245,20.63733,0.0,4.452954,1.609969,2.8770535,83.601036
20220612T0000,30.760244,12.620245,22.341078,3.8,10.97262,1.609969,4.665805,319.98633
20220613T0000,25.690245,13.630245,20.811495,1.5,9.957108,3.6,7.2867126,332.00906
20220614T0000,28.930244,12.020246,20.886911,0.0,8.209263,3.4152596,5.6596446,63.081284
20220615T0000,32.470245,14.800245,24.268578,0.0,10.636766,1.08,4.3737917,107.16192
20220616T0000,31.950245,19.220245,25.546911,0.9,13.089354,0.8049845,6.9177437,329.4703
20220617T0000,32.170246,15.880245,24.6715,0.0,6.193674,1.8,3.7694056,50.98059
20220618T0000,36.580246,15.970245,27.179825,0.0,11.874544,2.4149535,6.9003005,118.136055
20220619T0000,37.640247,20.400246,29.127748,1.0,12.538134,2.1897945,8.296076,213.99646
20220620T0000,32.440247,19.540245,26.46274,0.2,17.373497,2.7416782,9.768284,316.67487
20220621T0000,33.730247,17.170246,24.828165,0.2,10.44,3.319036,6.406685,39.07541
20220622T0000,26.690245,17.620245,21.859413,15.9,8.825508,1.8,5.363611,166.08751
20220623T0000,30.320246,17.120245,22.644827,11.700001,14.186923,2.5455842,6.125892,195.0685
20220624T0000,22.880245,15.660245,18.787329,7.6000004,14.20062,4.73506,8.025908,209.19414
20220625T0000,27.520245,14.150246,21.220661,0.0,7.5170207,3.5455887,5.446224,149.922
20220626T0000,27.320246,16.670246,21.681496,3.7,11.090103,3.219938,6.957439,349.70883
20220627T0000,22.400246,15.040245,19.147745,7.1000004,11.183201,2.7416782,6.7888436,306.37024
20220628T0000,23.410246,13.690246,19.47358,3.1000001,15.629971,2.968636,8.424335,20.183487
20220629T0000,27.670246,16.300245,21.960245,1.6000001,7.5685663,0.8049845,3.8990002,263.60104
20220630T0000,30.120245,14.440246,21.497747,10.599999,19.45333,2.7416782,8.075255,244.23865
20220701T0000,21.950245,13.850245,17.324831,5.4,7.5685663,2.0991426,5.215847,282.387
20220702T0000,27.770245,11.280245,20.103579,0.0,7.6367526,2.16,4.7309017,99.23556
20220703T0000,30.980246,14.000245,23.683998,0.0,8.209263,2.5455842,4.6329474,251.78711
20220704T0000,25.660246,18.640245,22.158997,0.0,10.182337,0.35999998,4.8749833,302.53506
20220705T0000,28.050245,16.130245,22.266077,0.0,8.654986,2.16,5.496989,336.4223
20220706T0000,26.370245,14.620245,20.498579,0.0,16.563911,2.2768397,8.284194,350.80957
20220707T0000,24.070246,12.870245,19.17108,0.0,16.323528,3.096837,9.069348,311.6629
20220708T0000,25.290245,14.670245,19.684826,0.0,10.594036,6.5693827,8.681223,14.279327
20220709T0000,28.140245,11.740245,20.923164,0.0,9.3669195,2.2768397,5.5858417,32.756516
20220710T0000,25.220245,15.440246,20.302328,0.0,14.241629,6.489992,9.978421,10.469162
20220711T0000,28.520245,12.160245,21.061913,0.0,14.494192,5.1165614,8.96224,32.403046
20220712T0000,30.150246,15.300245,22.841078,0.0,11.298495,4.3349743,7.3300915,33.65683
20220713T0000,33.480247,14.180245,25.46608,0.0,6.12,0.8049845,3.0749493,169.01936
20220714T0000,35.79025,20.690245,28.433578,0.0,16.954432,2.16,9.160182,270.48282
20220715T0000,29.570246,17.100245,23.51316,0.0,11.792404,5.1919937,8.181102,4.8898163
20220716T0000,28.690245,14.150246,22.189413,0.0,13.493999,4.6938257,8.592257,14.159393
20220717T0000,31.750246,14.100245,23.55816,0.0,12.181625,5.6002855,8.594075,29.464203
20220718T0000,35.350246,14.570246,25.816498,0.0,9.504273,2.4149535,5.6894975,50.1297
20220719T0000,36.93025,16.600245,27.741076,0.0,7.42159,1.484318,4.443979,109.27084
20220720T0000,33.510246,19.820246,25.797327,8.8,13.684735,0.8049845,7.938029,180.58763
20220721T0000,29.280245,18.030245,23.26816,0.0,9.007196,4.802999,6.3950024,279.0085
20220722T0000,33.230247,15.840245,25.104414,0.0,9.36,1.8,4.849775,60.998283
20220723T0000,29.260244,19.220245,23.816076,2.3,7.5942082,0.5091169,4.3048368,266.2787
20220724T0000,32.290245,18.280245,25.258995,0.0,7.5685663,0.35999998,3.5206716,36.93486
20220725T0000,34.710247,18.300245,27.092745,0.1,16.854767,3.219938,9.218392,259.50333
20220726T0000,27.310246,19.880245,23.621912,0.9,11.770403,3.319036,8.405639,315.59595
20220727T0000,26.870245,16.980246,21.953163,0.0,11.792404,5.937272,8.903911,7.137085
20220728T0000,30.860245,15.020246,23.263994,0.0,9.0,2.52,5.5091286,54.46235
20220729T0000,26.960245,18.290245,22.493162,0.4,9.885262,3.319036,6.49361,226.08093
20220730T0000,29.160246,15.430245,23.288992,0.0,10.041354,1.0182338,5.6230793,273.0327
20220731T0000,31.810246,15.670245,24.750662,0.0,11.252519,2.5455842,6.3677316,256.87177
20220801T0000,31.380245,15.570246,23.956915,2.5,16.279802,0.5091169,4.9740586,325.21576
20220802T0000,31.070246,17.200245,23.769411,0.0,7.42159,2.5455842,4.7338004,26.381409
20220803T0000,34.760246,15.760245,26.48108,0.0,6.8777895,0.5091169,2.5840502,64.79888
20220804T0000,37.38025,19.620245,28.944,0.0,14.480773,1.4399999,4.7401605,303.9298
20220805T0000,33.460247,20.360245,26.693163,1.2,14.934577,2.3051248,7.9994864,355.33875
20220806T0000,25.540245,17.530245,21.19441,0.5,13.53236,4.1046314,9.404959,36.848618
20220807T0000,27.360245,15.010245,21.263994,0.0,12.979984,2.0991426,7.3822036,50.93416
20220808T0000,30.380245,13.890245,22.719414,0.0,12.387348,4.198285,8.080473,43.152374
20220809T0000,31.360245,14.270246,23.37483,0.0,14.799459,5.6002855,9.979336,46.29773
20220810T0000,30.980246,15.330245,23.457747,0.0,14.480773,7.127636,10.306388,54.364067
20220811T0000,31.220245,14.230246,23.145662,0.0,10.514218,5.00128,7.806046,48.750412
20220812T0000,30.620245,14.580245,23.025246,0.0,12.475961,4.0249224,8.826716,58.67868
20220813T0000,31.100245,13.8102455,22.653994,0.0,10.495713,4.198285,7.614286,69.38637
20220814T0000,27.590246,13.830245,21.651077,0.0,17.22742,2.9024127,7.936502,223.68611
20220815T0000,24.950245,15.890245,20.484827,0.0,16.641972,3.2399998,7.603742,202.20866
20220816T0000,30.560246,15.190246,22.669828,0.0,7.9526596,1.8,5.595288,146.1836
20220817T0000,28.940245,18.060246,22.485245,8.7,15.111424,2.1897945,7.2628,152.01378
20220818T0000,21.450245,17.340246,19.219414,22.999998,10.041354,0.71999997,4.008468,305.35196
20220819T0000,22.870245,17.860245,20.044828,8.4,13.75558,3.6179552,7.1756916,254.16568
20220820T0000,24.310246,15.000245,20.116913,3.7999997,8.311245,1.1384199,4.787371,247.27026
20220821T0000,26.280245,13.990245,19.965246,0.0,6.792466,0.8049845,3.6139672,23.477402
20220822T0000,27.350245,14.660245,20.79441,0.0,8.209263,0.71999997,3.2264917,68.93864
20220823T0000,28.800245,13.760245,21.608994,0.0,6.3690495,0.35999998,3.4995759,101.76829
20220824T0000,30.400246,13.540245,22.225662,0.0,11.609651,2.5455842,6.4109035,66.95149
20220825T0000,30.560246,14.670245,22.640661,0.0,6.6185193,0.71999997,3.4909518,92.7927
20220826T0000,28.130245,15.710245,21.43441,5.5,13.392774,1.4399999,5.5927906,279.42877
20220827T0000,24.430244,17.260244,20.360249,5.9999995,11.165805,1.08,5.487776,24.172668
20220828T0000,26.050245,16.220245,20.560246,0.0,8.435069,3.4152596,5.9845376,40.20175
20220829T0000,28.430244,14.240245,21.316914,0.0,7.7879906,1.835647,4.5864067,65.932526
20220830T0000,28.460245,14.730246,21.13608,6.8999996,9.693296,2.1897945,4.493134,72.950966
20220831T0000,23.650246,15.950245,19.63858,2.1,11.212135,0.35999998,5.7851753,62.309807
20220901T0000,24.640245,14.030245,18.592745,0.0,9.346143,4.2136917,6.5813766,79.695145
20220902T0000,24.650246,11.400246,17.721079,1.3,6.924738,0.8049845,4.8030214,128.6598
20220903T0000,22.630245,15.740245,18.36483,1.7,9.693296,2.9024127,5.8557305,176.27211
20220904T0000,27.020245,13.290245,19.754412,0.0,7.5599995,2.5959969,4.4777994,125.48746
20220905T0000,28.520245,13.950245,20.778578,0.0,7.172949,1.5273507,4.197937,129.12604
20220906T0000,23.230246,17.000246,20.127745,5.1,9.793058,2.4149535,5.7377553,159.5936
20220907T0000,26.110245,16.410246,20.570662,5.0,9.220499,1.08,5.9847255,189.92624
20220908T0000,23.010244,15.640245,18.442327,7.8999996,16.92383,1.5273507,9.115497,236.30994
20220909T0000,21.760244,15.200245,17.787329,1.2,17.654686,4.6938252,9.7932825,227.81107
20220910T0000,19.010244,14.300245,16.409412,3.6999996,16.700275,5.1919937,11.297867,241.96436
20220911T0000,22.390245,12.110246,17.021078,0.0,7.386582,0.5091169,4.4242287,114.22774
20220912T0000,25.070246,10.130245,16.94691,0.0,6.725354,3.563818,4.790571,121.827446
20220913T0000,27.670246,12.790245,20.568996,1.5000001,12.599998,2.2768397,5.380888,149.64606
20220914T0000,23.580246,18.380245,20.98733,13.5,19.35314,2.5455842,9.275525,213.59686
20220915T0000,19.190245,14.410245,17.615248,13.799999,16.323528,1.4399999,8.398219,242.2138
20220916T0000,16.710245,11.670245,14.691079,3.3,10.948973,4.1046314,7.8856254,289.57617
20220917T0000,14.530245,9.520246,11.675662,2.7,12.7279215,6.0347,10.2127,275.47375
20220918T0000,16.510246,7.9102454,12.64858,0.0,16.575644,5.1165614,9.360227,250.641
20220919T0000,16.870245,9.580245,13.183162,0.0,10.495713,1.2979984,5.4343762,344.80762
20220920T0000,16.720245,6.4902453,11.590244,0.0,9.47012,1.0182338,5.4138927,17.713623
20220921T0000,18.450245,5.0702453,11.459828,0.0,13.854155,5.4833565,8.676903,43.83972
20220922T0000,18.910246,4.4502454,11.408994,0.0,5.6920996,1.4399999,3.588969,88.67395
20220923T0000,20.500246,5.5502453,13.299829,1.4000001,12.245293,3.0758414,5.6427727,191.81178
20220924T0000,17.700245,10.520246,14.4144125,4.9999995,9.9571085,1.484318,5.5743966,195.03043
20220925T0000,15.890245,10.180245,12.703994,0.8,8.089993,0.5091169,4.0194926,267.75427
20220926T0000,15.300245,10.490245,12.74191,3.5,17.477621,4.6102495,11.673791,225.10611
20220927T0000,12.330245,10.020246,11.061078,11.400002,25.6233,15.408671,18.145864,241.69598
20220928T0000,12.080245,9.070246,11.019412,13.0,18.289274,3.563818,9.166644,234.99876
20220929T0000,12.540245,9.240245,10.552745,10.500001,5.6002855,0.71999997,2.989773,85.42608
20220930T0000,15.220245,7.5102453,11.280246,0.1,8.373386,1.0182338,4.3252273,300.0686
20221001T0000,14.420245,7.7802453,11.87608,3.7000003,20.46941,7.9932976,14.474499,217.39677
20221002T0000,19.250246,14.410245,16.475245,10.499999,18.345877,5.2416787,12.485313,237.85309
20221003T0000,16.560246,8.220245,12.761913,0.0,7.8954163,3.8773184,6.058714,36.83922
20221004T0000,19.500246,7.480245,12.076912,0.0,7.9932966,2.16,4.8493514,150.43965
20221005T0000,23.320246,8.670245,14.931911,0.0,12.979984,4.73506,7.6070666,189.16617
20221006T0000,18.630245,11.790245,14.539828,0.1,8.759178,0.5091169,4.977588,17.468018
20221007T0000,20.630245,10.870245,15.030662,0.0,7.342588,1.2979984,4.192778,163.05292
20221008T0000,17.410246,10.380245,14.071912,0.2,9.449572,2.9024127,5.719953,324.75244
20221009T0000,17.130245,6.9902453,11.943162,0.0,9.885262,3.2599385,6.402303,99.709435
20221010T0000,22.190245,10.690246,15.963164,0.4,12.429127,1.1384199,6.2281604,179.8413
20221011T0000,18.160246,11.430245,14.453162,2.1999998,10.594036,1.5273507,6.058372,28.53244
20221012T0000,18.200245,11.420245,14.192328,0.0,5.3999996,0.5091169,2.6874697,98.89586
20221013T0000,17.750246,10.110246,13.743577,6.1,10.594036,3.8939953,5.9091163,197.89044
20221014T0000,17.520245,12.650246,15.050244,7.7999997,19.602652,4.829907,10.078177,196.31154
20221015T0000,19.670246,14.390245,16.953165,4.6,15.530151,3.6,9.422336,214.46729
20221016T0000,23.430244,12.840245,16.753164,0.0,9.007196,4.896529,6.9932246,156.78474
20221017T0000,23.400246,11.180245,15.941493,0.0,8.714677,0.8049845,5.873137,162.65576
20221018T0000,22.770245,12.920245,16.653162,0.0,8.714677,2.2768397,4.808001,132.27368
20221019T0000,19.090246,11.460245,14.715245,0.0,9.904906,4.2136917,6.3092747,96.792305
20221020T0000,17.780245,13.260245,15.263995,2.0,10.233123,2.3051248,6.6588006,145.81601
20221021T0000,17.640245,14.240245,15.512329,17.8,11.4862,3.6,8.041646,175.48264
20221022T0000,20.690245,12.120245,15.431911,1.4000001,8.557102,2.52,5.5561337,166.01389
20221023T0000,19.200245,10.730246,15.135662,1.6,15.496736,5.3517847,8.58073,152.5022
20221024T0000,17.440245,11.700245,15.400246,4.7,17.698677,6.28713,10.366593,180.5977
20221025T0000,18.680244,10.820246,14.146493,0.0,9.19939,4.6938257,6.5874786,148.93779
20221026T0000,21.760244,11.640245,15.634411,0.70000005,9.9571085,1.484318,6.1766915,168.94728
20221027T0000,21.150246,10.740245,14.485245,0.0,10.086427,5.3999996,7.2986007,148.64926
20221028T0000,22.970245,12.860246,16.149828,0.0,9.531505,3.096837,6.90341,156.91872
20221029T0000,22.270245,11.260245,15.3414955,0.0,7.42159,4.3349743,6.121307,150.5951
20221030T0000,21.630245,10.230246,14.053581,0.0,6.989936,2.6208394,4.9365983,163.49564
20221031T0000,18.700245,8.910245,12.723577,0.0,7.24486,2.3051248,4.55474,142.8206
20221101T0000,16.640245,8.260245,13.471078,8.499999,11.4862,3.7585104,7.412002,202.1887
20221102T0000,16.060246,6.8002453,11.286078,0.0,8.209263,1.08,5.269295,186.009
20221103T0000,12.770246,5.5902452,9.520662,8.400001,15.349684,4.8433046,8.951468,168.14021
20221104T0000,11.050245,7.900245,9.454828,3.1000001,12.475961,3.96,6.705548,212.64464
20221105T0000,10.650246,2.9702454,7.914413,0.3,8.12197,2.5455842,5.487476,242.39847
20221106T0000,10.340245,2.8002453,6.520662,0.6,11.91812,3.5455887,6.936355,161.48103
20221107T0000,16.380245,5.520245,10.121911,0.0,12.55879,3.8773184,6.9652042,187.35239
20221108T0000,16.540245,4.960245,9.743996,0.0,12.682018,4.3498964,7.7766128,155.60268
20221109T0000,13.5602455,10.410245,11.842744,13.800001,11.440979,3.8773184,7.8080997,179.7562
20221110T0000,14.010245,5.6202455,9.749828,0.0,7.0911775,2.3051248,4.3656507,143.58794
20221111T0000,12.070246,4.900245,7.7814956,0.0,7.2805495,2.6208394,4.755957,144.30777
20221112T0000,9.700245,5.4502454,7.1302447,0.0,5.904439,2.5959969,4.593706,135.27155
20221113T0000,7.420245,4.2002454,5.527745,0.0,6.489992,3.219938,4.63003,134.86519
20221114T0000,12.870245,4.1602454,8.464412,1.4000001,15.546833,5.692099,9.32564,159.07826
20221115T0000,12.230246,7.900245,10.1660795,4.1,9.673221,5.1919937,7.4651675,147.08897
20221116T0000,14.020246,7.2402453,10.48358,5.7,10.739832,4.379589,7.8103523,179.74364
20221117T0000,14.390245,9.330245,11.909411,9.2,20.65848,1.609969,12.81964,216.65323
20221118T0000,9.970245,7.0902452,8.756495,3.4999998,15.646544,5.00128,10.742505,236.98315
20221119T0000,9.790245,5.610245,7.5648274,0.0,9.826088,3.8268526,6.033323,232.12502
20221120T0000,8.970245,5.3402452,6.9364963,2.3999999,17.377226,5.3517847,11.208142,228.41168
20221121T0000,9.670245,6.7802453,7.6935782,5.7,16.981165,4.6938252,11.303139,204.04567
20221122T0000,8.910245,6.1202455,7.418161,2.5,19.453327,6.4096174,10.811257,222.361
20221123T0000,10.220245,1.7802454,6.7231617,3.5,17.974781,5.3517847,10.099834,186.37532
20221124T0000,11.140245,3.5702453,7.6473293,1.6000001,14.77755,4.6938257,9.614184,207.66765
20221125T0000,10.500245,4.3502455,6.665245,0.5,9.107359,4.510787,6.638544,191.43544
20221126T0000,8.570246,2.8302455,5.317329,0.0,5.495161,1.1384199,3.8260667,139.1276
20221127T0000,7.4902453,1.6302454,4.3202457,0.3,8.699793,4.198285,6.6050076,149.5079
20221128T0000,8.870245,4.360245,6.865246,1.9000003,9.220499,4.6938257,6.945458,173.4759
20221129T0000,9.180245,6.4502454,7.596495,1.1,6.8399997,1.609969,4.4106317,321.15518
20221130T0000,7.730245,5.000245,6.533995,2.6,8.39657,4.68,6.2253246,20.689514
20221201T0000,5.5102453,3.7602453,4.4781613,0.0,10.630672,4.3498964,7.3526807,15.59552
20221202T0000,4.9102454,1.8102454,3.6127455,0.8000001,6.4096174,2.5959969,4.476419,25.878311
20221203T0000,3.4702454,1.4002454,2.1214955,0.0,6.9527545,2.0991426,5.187351,59.792374
20221204T0000,3.1002455,0.8002454,2.1402452,2.7,6.849467,0.35999998,2.5463705,83.367485
20221205T0000,6.210245,0.1802454,3.2635782,1.5000001,9.178235,3.4152596,5.4175606,189.88966
20221206T0000,4.4602456,-0.4597546,1.9660788,0.0,5.6920996,0.35999998,3.8107643,117.47443
20221207T0000,4.9302454,0.8502454,3.0760784,0.0,3.8773184,0.0,2.1631963,266.8202
20221208T0000,3.5102453,-1.9497546,0.8589955,0.0,5.0528407,1.8,3.188495,141.58195
20221209T0000,1.2402453,-1.4197546,-0.075587966,0.8000001,5.4477882,1.9386592,3.9806786,26.444931
20221210T0000,0.9902454,-2.2797546,0.25399542,4.3,9.6932955,2.9024127,6.2103515,340.29807
20221211T0000,-0.52975464,-7.1297545,-3.256838,0.0,5.904439,0.8049845,3.3739758,132.61406
20221212T0000,-2.1597548,-7.099755,-5.183504,0.0,7.5599995,2.8116899,4.7855124,110.68765
20221213T0000,-1.8897547,-7.1997547,-4.111005,0.1,8.0899935,4.68,5.957166,108.14799
20221214T0000,2.3202453,-2.3797545,0.116078794,10.2,7.145796,1.484318,5.0997267,132.44385
20221215T0000,1.1902454,-0.48975456,0.40857878,2.4,7.42159,3.5455887,5.7474,21.128052
20221216T0000,-0.4397546,-3.3597546,-1.628088,1.1,8.287822,2.8116899,6.4167156,352.14203
20221217T0000,-0.9197546,-5.3797545,-3.6339207,0.0,6.297428,2.3051248,4.197996,80.09581
20221218T0000,0.7002454,-4.329755,-2.0685048,0.0,9.387651,5.1165614,7.139591,143.54352
20221219T0000,6.2002454,-0.09975457,2.237745,0.2,9.504273,6.439876,7.898434,148.39964
20221220T0000,9.150246,1.8202454,5.2639956,0.70000005,10.365251,5.315336,7.366201,151.76256
20221221T0000,11.200245,7.710245,9.48816,6.7000003,11.570515,7.289444,8.415275,171.13538
20221222T0000,12.570246,10.860246,11.788579,7.0,25.537172,13.324863,18.928133,219.30594
20221223T0000,14.330245,12.330245,13.354411,16.2,28.58545,10.739832,19.143328,227.1091
20221224T0000,12.730246,9.190246,10.767745,1.5000001,12.43434,5.3517847,8.59957,200.14842
20221225T0000,11.280245,6.8202453,9.026495,0.0,9.693296,5.5887027,7.6507697,154.10535
20221226T0000,11.510245,8.290245,10.380245,6.6999993,17.072504,6.489992,11.642853,225.48248
20221227T0000,8.690246,2.6702452,5.7614956,0.0,8.854829,2.2768397,4.9450727,199.52357
20221228T0000,10.640245,2.8102455,6.8785787,0.0,11.367109,6.162207,9.327203,173.09438
20221229T0000,13.290245,9.360246,11.679829,5.5,19.33639,7.7879906,14.394372,210.6334
20221230T0000,14.720245,4.3902454,9.342329,2.8,21.26744,7.386582,12.856544,183.60847
20221231T0000,16.970245,12.270246,14.379411,0.2,20.883102,6.519877,10.182128,184.27827
20230101T0000,17.230246,8.570246,12.037746,0.0,8.699793,6.489992,7.781652,155.6856
20230102T0000,14.500245,7.420245,10.156078,2.5000002,13.684735,4.5820518,7.6494927,196.57233
20230103T0000,9.970245,3.1502452,6.6402454,0.0,6.725354,0.5091169,3.3760595,195.67477
20230104T0000,10.860246,4.5002456,8.281495,0.8,19.61587,5.04,13.394084,208.93106
20230105T0000,12.410245,7.7202454,10.683162,0.8000001,20.364674,4.3349743,12.323272,221.43637
20230106T0000,10.500245,6.860245,8.703161,0.4,10.296251,4.68,6.44832,187.53944
20230107T0000,11.090245,4.8302455,7.353996,0.0,10.787993,4.8433046,7.1327615,149.3068
20230108T0000,9.050245,4.150245,7.286913,9.500001,14.458382,7.9932966,10.110919,153.35783
20230109T0000,9.050245,4.8502455,6.472328,6.3000007,21.096123,13.556282,16.75476,231.37325
20230110T0000,7.520245,4.7802453,6.097328,1.7000002,16.055355,7.5942073,11.534493,219.7945
20230111T0000,9.890245,7.440245,8.641078,2.3999999,16.800856,10.315115,13.68551,211.86908
20230112T0000,10.720245,7.380245,9.1973295,0.0,21.533897,13.217443,18.177607,217.42975
20230113T0000,10.510245,6.940245,8.983995,2.1,23.675304,10.514218,18.186346,230.65579
20230114T0000,11.300245,6.3202453,8.923579,4.7999997,20.456745,9.007196,13.892711,201.08807
20230115T0000,12.240245,4.2702456,7.3848286,9.9,25.567604,11.440978,17.926641,223.59561
20230116T0000,6.8302455,3.3902454,4.831496,1.8000002,27.475807,11.570515,17.408577,200.08879
20230117T0000,3.3702455,0.7902454,1.7931622,5.8999996,12.768586,2.0991426,5.521236,133.43303
20230118T0000,2.2602453,-1.0097545,1.1656619,1.4000001,9.360001,3.396233,6.3364816,277.43982
20230119T0000,1.8202454,-3.709755,-1.2468379,0.0,11.753876,3.319036,6.0545297,194.12318
20230120T0000,1.9902455,-3.5997548,-1.1505878,0.1,8.759178,1.609969,4.801874,208.69691
20230121T0000,1.0702454,-4.519755,-1.3643379,0.0,19.66536,3.319036,10.788098,26.920639
20230122T0000,1.7402455,-0.72975457,0.48941207,1.1000001,14.336861,5.3999996,9.598398,11.5056
20230123T0000,3.5302453,0.4802454,1.983579,0.0,19.734436,6.763786,13.464007,39.548813
20230124T0000,5.040245,2.5902452,3.6835787,0.0,12.819235,4.0249224,7.8722916,52.115326
20230125T0000,3.6002455,1.8802454,2.8664954,0.0,8.942214,1.8,4.5362744,35.99681
20230126T0000,1.4702454,-0.90975463,0.33732876,0.0,9.007196,2.0991426,6.3218074,0.41316223
20230127T0000,1.4702454,-1.0897546,0.10649541,0.0,13.104198,6.130579,9.555712,18.725784
20230128T0000,2.9202452,-0.10975462,1.3781619,0.0,17.786331,7.072878,10.818237,30.82312
20230129T0000,2.5502453,-2.7297544,0.5256621,0.0,7.0911775,0.5091169,4.5016146,333.43494
20230130T0000,3.2302456,-3.1397548,0.49816218,1.0,15.408671,4.6938257,9.418446,223.82016
20230131T0000,5.150245,-0.4297546,2.9573288,0.3,12.7279215,3.8939953,7.931509,220.49223
20230201T0000,6.770245,2.9202452,4.9931617,1.2,19.130875,9.1641035,13.575593,236.02112
20230202T0000,7.3902454,4.980245,6.0631623,0.70000005,17.654686,6.3690495,11.88157,235.35136
20230203T0000,8.400246,5.270245,6.787746,0.90000004,16.766108,8.4963045,11.8292465,235.44858
20230204T0000,8.840245,2.0602455,6.110662,3.5,10.195057,2.6208394,6.1864285,304.99203
20230205T0000,5.5702453,0.35024542,3.1469119,5.7,8.647496,2.0364676,5.4150643,294.97394
20230206T0000,4.9902453,0.6702454,3.3064954,0.0,13.049689,6.725354,9.800971,27.16394
20230207T0000,4.8002453,-3.1597548,0.20191205,0.0,15.124284,2.5959969,7.463537,53.035713
20230208T0000,3.1202455,-4.4497547,-1.3735045,0.0,7.127636,3.6,5.512339,82.03039
20230209T0000,6.0302453,-6.119755,-1.1564213,0.0,6.0347,0.0,3.7613697,164.27525
20230210T0000,6.3702455,-5.789755,-0.73933786,0.0,4.3498964,0.71999997,2.736273,143.93958
20230211T0000,8.300245,-5.1097546,0.19316214,0.0,6.439876,0.5091169,3.1999962,108.1527
20230212T0000,10.200245,-3.1097546,2.3327456,0.0,5.6233797,2.8799999,4.5349774,82.9772
20230213T0000,9.100245,-0.5897546,2.8694122,0.0,6.989936,3.8939953,5.3585453,137.98863
20230214T0000,9.260245,-1.1697546,2.1289957,0.0,6.8777895,4.1046314,5.390311,136.92804
20230215T0000,11.370245,-1.4397546,2.597329,0.0,6.9153743,3.396233,5.3643403,144.8756
20230216T0000,13.820246,-0.97975457,5.860245,0.0,7.9526596,4.1046314,6.013374,175.92474
20230217T0000,13.390245,7.7002454,10.747327,0.1,11.457958,6.696387,9.082402,212.83377
20230218T0000,15.0602455,10.190246,12.053996,0.0,20.288164,7.491114,11.530707,230.07474
20230219T0000,11.240245,6.920245,9.566911,0.1,15.256526,4.829907,10.208859,248.99455
20230220T0000,15.650246,2.3002453,7.982746,0.0,5.1544156,2.0991426,3.9683895,181.83284
20230221T0000,16.640245,0.5402454,7.0435786,0.0,5.6233797,2.6208394,3.8383045,133.49695
20230222T0000,13.230246,1.7502455,7.7302456,1.9,12.864649,3.8268526,6.068722,208.36568
20230223T0000,13.830245,4.5702453,9.440661,0.5,6.989936,2.0991426,4.1717715,119.453674
20230224T0000,13.380245,3.7902455,8.398162,3.6,10.495713,1.5273507,4.3693027,249.70824
20230225T0000,7.3302455,1.7502455,4.8444123,0.70000005,14.512064,2.8116899,7.6596227,353.03564
20230226T0000,1.9202454,-1.0497546,0.8031621,0.90000004,29.301876,12.181625,20.026262,32.83206
20230227T0000,2.8602452,-0.2697546,1.2077454,0.0,23.188583,9.028754,18.666136,50.373215
20230228T0000,2.8302455,-1.4297546,0.29816216,0.0,12.496718,5.315336,9.5461035,34.352417
20230301T0000,4.980245,-1.8297547,1.4156619,0.0,11.200571,2.8116899,7.408941,39.86644
20230302T0000,6.3202453,0.7402454,2.814412,0.0,7.2,0.35999998,3.4415238,22.121933
20230303T0000,8.380245,0.00024539232,3.766079,0.0,7.9932966,1.1384199,4.50133,19.217087
20230304T0000,8.210245,-0.5497546,3.2194118,0.0,10.086427,2.6208394,6.539718,7.7531586
20230305T0000,6.8902454,0.19024539,3.168162,0.0,6.12,0.35999998,3.049721,11.550995
20230306T0000,6.1202455,-0.03975457,3.1352453,0.0,11.304229,1.835647,6.961284,242.47668
20230307T0000,7.190245,0.7802454,4.0352454,0.0,14.917212,5.506941,9.055957,236.07182
20230308T0000,12.870245,1.7202454,8.258162,6.2999997,27.238943,6.519877,17.834553,212.78136
20230309T0000,15.900246,9.430245,12.215245,3.6,28.961546,7.9526596,18.281584,235.44902
20230310T0000,11.220245,5.0302453,8.998161,8.099999,28.357857,10.829959,22.228622,239.86903
20230311T0000,6.500245,1.6502454,4.1435785,1.8,11.792404,0.35999998,3.9708717,43.1118
20230312T0000,13.250245,3.9402456,8.571912,1.3000001,17.388409,5.771239,10.830311,222.44553
20230313T0000,21.620245,9.570246,14.953576,13.0,18.03237,5.8048253,13.222846,206.53317
20230314T0000,11.170245,5.130245,8.928995,9.4,24.75638,12.324414,18.154694,234.40668
20230315T0000,9.350245,0.5302454,4.9698286,0.3,11.620809,1.8,6.8257713,256.65854
20230316T0000,13.420245,-0.60975456,5.693995,0.0,9.220499,3.8939953,6.6998277,133.79688
20230317T0000,17.380245,1.7002454,9.973163,0.0,9.3876505,3.319036,6.3031306,171.18709
20230318T0000,17.730246,3.9302454,11.531495,0.0,7.771331,1.835647,4.9738717,190.3262
20230319T0000,13.740245,7.3702455,10.675246,3.8000002,10.703569,3.319036,6.4525814,195.88611
20230320T0000,13.740245,4.4502454,9.260662,0.0,5.991594,1.1384199,3.8061707,228.21948
20230321T0000,16.130245,2.6702452,9.6731615,0.0,7.172949,1.2979984,4.606661,188.92754
20230322T0000,19.290245,5.380245,12.498162,0.0,12.819235,2.16,6.400818,206.6351
20230323T0000,16.550245,11.620245,14.1714945,0.0,9.904906,4.6938252,7.611639,179.50502
20230324T0000,14.640245,9.680245,12.376494,6.5999994,18.581022,6.162207,13.928876,216.09393
20230325T0000,12.590245,7.2402453,9.788163,4.8999996,24.675106,6.28713,17.399391,235.55865
20230326T0000,12.600245,6.3402452,8.788161,4.0,24.472057,5.4119864,13.363889,227.67256
20230327T0000,7.3002453,2.0602455,5.6006618,2.2,15.463246,5.937272,11.468185,315.7237
20230328T0000,11.040245,-1.8497547,5.9881625,0.9,9.0,1.5273507,5.4220586,158.1018
20230329T0000,19.710245,8.000245,13.428578,1.0,17.566378,5.4119864,10.179003,194.34523
20230330T0000,16.670246,12.290245,14.045663,1.2,23.966375,6.28713,13.000102,217.97871
20230331T0000,14.550245,8.800245,11.880245,10.400002,32.096577,7.072878,19.767626,229.67293
20230401T0000,11.330245,7.8202453,9.194828,6.3999996,23.838959,8.913181,17.893969,229.91656
20230402T0000,12.020246,7.0802455,9.174413,2.8999999,11.681987,4.6102495,8.325292,253.33536
20230403T0000,8.210245,2.3802454,5.915663,0.0,16.800856,8.854829,12.822568,38.489746
20230404T0000,9.760245,-1.2797546,4.1148286,0.0,14.76439,7.653705,10.81839,46.189926
20230405T0000,10.770246,-0.9197546,4.627329,0.0,7.69592,1.0182338,5.0898304,21.837051
20230406T0000,12.820246,-2.0797548,6.947329,0.0,6.9153743,1.5273507,4.2564383,200.0671
20230407T0000,9.370245,5.5702453,7.1677456,3.2,6.763786,0.5091169,3.9871542,202.29362
20230408T0000,12.030245,5.3202453,8.644412,0.5,10.182337,0.8049845,5.2914476,13.488968
20230409T0000,15.340245,2.8502455,8.983162,0.0,9.255571,2.5455842,5.526167,82.10665
20230410T0000,17.500246,2.3702455,11.138579,0.0,16.363178,4.198285,7.7225194,183.83368
20230411T0000,14.520246,8.780245,11.550244,4.3,17.057314,2.5455842,11.468289,247.78015
20230412T0000,13.800245,7.170245,10.210662,8.3,18.837324,7.10031,12.5598955,215.03305
20230413T0000,9.670245,4.4702454,7.458162,0.7,16.92383,4.6938252,10.571471,238.61607
20230414T0000,14.190246,2.1202455,8.230662,0.0,7.342588,2.8116899,5.1737356,177.5224
20230415T0000,12.780245,4.4502454,8.987745,2.0000002,6.519877,2.0991426,4.204416,222.51044
20230416T0000,10.170245,7.9902453,8.844412,4.1,10.383987,3.2599385,6.0723343,320.68707
20230417T0000,13.820246,7.610245,10.146497,3.2,16.09969,4.198285,9.709491,14.059357
20230418T0000,15.760245,7.150245,10.628994,0.0,14.113652,5.937272,9.371185,38.37683
20230419T0000,13.490245,6.4502454,10.180661,1.0,12.758432,3.8268526,7.8630605,40.914368
20230420T0000,9.280245,4.5002456,6.993995,2.0000002,9.449572,2.1897945,6.306793,72.58519
20230421T0000,13.300245,2.6302452,8.479411,1.4,12.429127,3.096837,6.2838745,147.22693
20230422T0000,18.550245,6.5102453,12.73733,1.0,20.188908,1.484318,7.0428905,196.1485
20230423T0000,19.450245,9.750245,13.498996,5.0000005,15.646544,3.671294,9.515048,202.71227
20230424T0000,13.020246,8.920245,10.856912,1.0,20.721119,6.28713,14.023685,250.38034
20230425T0000,11.320246,6.290245,8.608995,6.8,12.313893,1.2979984,7.0520654,259.55438
20230426T0000,15.040245,3.8002453,9.568995,0.0,5.3999996,1.0182338,2.9607685,52.52382
20230427T0000,19.050245,8.3102455,13.588581,0.0,6.12,0.0,3.1418219,130.43677
20230428T0000,18.740246,12.000245,15.360663,12.7,11.720751,3.219938,7.113278,209.71255
20230429T0000,19.670246,11.230246,15.375664,0.0,14.973576,2.4149535,7.8461432,355.27557
20230430T0000,18.190245,9.3102455,14.11441,0.0,13.746156,1.2979984,8.17692,33.966568
20230501T0000,16.100246,10.210245,13.340244,3.3,10.1887,1.5273507,5.079929,214.64911
20230502T0000,17.060246,8.910245,12.885245,0.3,13.009903,1.5273507,7.0298862,4.9165497
20230503T0000,20.630245,6.110245,13.361076,0.0,13.392774,5.692099,9.17093,55.095642
20230504T0000,24.540245,7.4702454,16.383995,0.0,9.021574,0.8049845,5.5309715,159.6085
20230505T0000,22.460245,13.860246,17.21233,4.2999997,11.720751,0.5091169,3.8326216,238.03865
20230506T0000,22.590246,12.440246,16.982744,0.0,7.289444,0.35999998,3.4983418,54.766678
20230507T0000,20.320246,11.530245,15.801911,3.5000002,8.427383,1.8,4.6947107,218.65982
20230508T0000,19.160246,14.160245,16.29858,3.4,6.379216,0.5091169,3.955191,268.243
20230509T0000,20.270245,12.130245,15.58691,9.7,12.10157,1.1384199,5.998752,214.1806
20230510T0000,15.470245,11.590245,13.58941,0.2,16.520823,5.0911684,11.760848,251.99051
20230511T0000,14.610246,10.620245,12.467746,2.6999998,8.669949,0.8049845,5.0458055,303.61615
20230512T0000,16.810246,10.510245,13.477328,1.2,11.885453,0.35999998,5.704611,360.0
20230513T0000,15.730246,11.050245,13.428996,3.1000001,11.177405,4.5536795,8.157867,22.285583
20230514T0000,17.210245,10.050245,13.11483,2.7,10.365251,2.6208394,6.192156,347.7423
20230515T0000,17.070246,9.660245,13.157745,8.8,7.4128532,1.9386592,4.308542,280.61966
20230516T0000,12.430245,9.630245,11.475662,2.0000002,20.532627,4.0249224,12.757567,357.46585
20230517T0000,14.760245,7.520245,11.221496,0.0,19.586119,9.19939,14.25813,23.1501
20230518T0000,16.580246,5.8202453,12.219827,0.0,16.981165,6.297428,10.554364,32.10344
20230519T0000,16.360247,9.320246,13.554413,0.0,15.192682,6.0347,9.615015,29.045761
20230520T0000,18.780245,11.830245,15.25233,0.4,14.982228,6.12,8.75671,18.988663
20230521T0000,24.410246,12.220245,18.15983,0.5,9.826088,1.5273507,5.0311756,349.2157
20230522T0000,26.090246,13.980246,19.96816,1.7,8.891343,1.2979984,4.8160133,286.736
20230523T0000,21.390245,14.600245,18.21066,0.2,16.808569,1.8,10.175209,5.9541016
20230524T0000,16.740246,10.470245,13.830246,0.0,14.84318,8.647496,11.837819,9.3063965
20230525T0000,20.640245,9.820246,15.388995,0.0,16.992609,6.830519,9.688675,24.504929
20230526T0000,24.250246,10.700245,17.912329,0.0,14.934577,4.5536795,8.589355,15.237381
20230527T0000,25.860245,11.180245,18.707743,0.0,11.988594,5.904439,8.568204,37.07306
20230528T0000,26.140245,10.390245,18.825663,0.0,13.049689,3.671294,7.5511036,38.92392
20230529T0000,26.910246,10.110246,19.314827,0.0,16.610792,4.8965297,10.322267,29.818268
20230530T0000,25.610245,11.890245,19.238993,0.0,15.844089,6.379216,11.594333,22.120255
20230531T0000,26.990246,12.250245,19.758993,0.0,15.124284,6.9247384,10.727122,38.903
20230601T0000,27.310246,11.660245,20.31566,0.0,10.661107,1.2979984,5.7889333,23.115967
20230602T0000,26.290245,14.450245,20.111494,0.0,15.281989,7.5942073,10.647841,10.769119
20230603T0000,26.780245,12.240245,20.068161,0.0,8.891344,5.1919937,6.9644427,22.999298
20230604T0000,26.700245,12.840245,19.568165,0.6,11.983188,1.4399999,6.6256957,37.899384
20230605T0000,27.210245,11.820246,20.510662,0.0,11.770403,1.609969,6.475452,39.71367
20230606T0000,27.190245,12.360246,20.765245,0.0,10.883676,2.8799999,6.3464227,50.73091
20230607T0000,27.410246,12.700245,20.488997,0.0,10.239453,3.7064266,6.6128116,29.607178
20230608T0000,28.320246,12.690246,20.992744,0.2,9.178235,1.4399999,4.524683,52.37047
20230609T0000,29.600245,13.270246,22.268164,0.0,11.983188,2.8799999,6.3694263,59.9115
20230610T0000,29.560246,15.570246,23.356497,0.0,9.422101,3.0758414,5.7439265,34.13147
20230611T0000,29.630245,16.380245,23.550665,0.0,12.979984,1.835647,7.106013,63.605812
20230612T0000,29.810246,14.140245,23.06733,0.0,14.05845,2.9024127,8.769673,51.29393
20230613T0000,28.490246,13.630245,21.41108,0.0,14.4,5.3999996,9.616328,51.5795
20230614T0000,27.850245,10.720245,20.875244,0.0,18.72346,3.8268526,10.062686,15.200531
20230615T0000,27.690245,13.880245,21.235247,0.0,9.227524,1.8,5.7711334,17.381134
20230616T0000,28.270245,13.5602455,22.048578,0.0,9.339208,0.8049845,5.0802937,339.16333
20230617T0000,29.980246,11.790245,22.598997,0.0,5.95906,2.4149535,4.0786805,7.69606
20230618T0000,31.300245,15.240245,23.71691,0.0,10.464798,1.2979984,4.342432,157.55725
20230619T0000,30.490246,19.390245,24.574411,1.5,13.746156,2.9024127,5.712097,194.27419
20230620T0000,32.320248,19.090246,24.676079,5.1000004,10.883676,2.1897945,6.6858735,188.65254
20230621T0000,27.750246,20.120245,23.257746,1.2,7.2359104,0.0,3.3373077,38.367477
20230622T0000,29.430244,18.310246,22.371912,12.300001,18.888851,1.0182338,9.766053,245.95413
20230623T0000,25.960245,17.220245,21.162746,1.0,13.493999,4.39436,10.118206,302.98666
20230624T0000,28.920246,13.080245,22.024412,0.0,12.387348,3.396233,7.9559712,59.129967
20230625T0000,31.290245,13.520246,23.456495,0.0,6.638072,0.35999998,3.914399,83.77417
20230626T0000,30.340246,17.060246,23.904413,0.0,16.323528,4.379589,9.971722,287.41797
20230627T0000,25.740246,15.630245,20.570244,0.0,9.339208,2.9024127,6.4600887,327.2735
20230628T0000,27.560246,14.680245,20.96066,0.0,8.905908,2.9024127,5.71271,4.2934265
20230629T0000,28.130245,14.860246,22.76358,0.90000004,8.089993,0.8049845,3.9318035,1.3322144
20230630T0000,20.890245,17.020245,19.411077,10.299999,13.138765,1.2979984,6.725506,255.24127
20230701T0000,23.120245,15.830245,19.341911,0.90000004,17.595861,5.0142193,10.333755,232.31189
20230702T0000,24.670246,16.870245,20.368578,0.4,15.39184,6.28713,10.902158,252.12378
20230703T0000,24.360245,16.640245,20.583992,0.0,13.556282,4.510787,8.923011,251.50082
20230704T0000,26.030245,16.920246,21.612741,0.3,7.127636,2.9024127,5.136106,210.93031
20230705T0000,23.410246,17.520245,20.044828,3.9,15.629972,0.8049845,8.721813,245.95737
20230706T0000,27.540245,13.980246,20.814829,0.0,6.638072,0.35999998,3.5503948,25.811188
20230707T0000,32.560246,13.100245,23.802748,0.0,8.714677,2.0991426,4.7967544,76.20051
20230708T0000,31.450245,19.660246,24.362741,1.3000001,10.931203,1.9386592,4.961005,172.60297
20230709T0000,35.510246,18.010244,27.427744,0.1,6.297428,2.5959969,4.2339683,150.57254
20230710T0000,32.150246,21.350245,26.216913,0.1,7.6367526,0.0,4.19412,264.46136
20230711T0000,36.150246,19.680244,27.513163,5.8,18.0036,1.9386592,7.008949,182.47166
20230712T0000,26.920246,19.590246,23.318163,1.1,11.841756,2.4149535,7.359797,227.32289
20230713T0000,26.700245,16.630245,21.90566,0.0,10.739833,2.1897945,5.430435,289.10754
20230714T0000,30.900246,13.550245,22.642746,0.0,10.464798,2.3051248,5.330604,130.25095
20230715T0000,32.990246,17.840246,25.449408,10.500001,15.03835,3.5455887,7.7233644,246.8014
20230716T0000,25.050245,16.970245,20.733994,1.8,11.792404,1.1384199,5.48418,247.82207
20230717T0000,26.930244,18.890245,22.74566,0.0,9.387651,1.08,5.2091403,281.3698
20230718T0000,27.540245,15.950245,22.256498,2.8999999,11.631956,1.1384199,6.204376,81.05725
20230719T0000,29.590246,19.880245,24.682327,0.3,16.520823,2.968636,9.661609,271.7608
20230720T0000,27.080246,16.990246,22.281914,0.0,7.6367526,1.08,4.8828063,343.8656
20230721T0000,24.240246,15.440246,20.118162,2.1000001,13.049689,0.8049845,5.3575053,301.3903
20230722T0000,27.160246,13.700245,21.210663,0.0,10.661107,3.5455887,7.0410075,225.0
20230723T0000,28.890245,14.260245,22.398163,0.0,17.727943,1.08,7.822698,226.2103
20230724T0000,23.390245,17.740246,20.258581,8.800001,14.386494,1.4399999,7.6447735,210.1229
20230725T0000,20.710245,14.320246,17.608164,12.999999,21.96,6.130579,11.660493,252.44482
20230726T0000,20.580246,12.670245,16.20983,0.8000001,12.224107,1.8,8.029815,236.107
20230727T0000,25.820246,12.350245,19.253996,0.0,20.456745,2.2768397,10.264956,218.26276
20230728T0000,25.320246,16.550245,20.747332,1.7,15.807239,3.096837,7.7578797,225.0
20230729T0000,26.050245,17.820246,21.036081,4.7,17.238699,3.7064266,8.85229,215.41115
20230730T0000,24.400246,14.910245,20.285662,2.0000002,18.057508,5.6233797,11.494145,253.07587
20230731T0000,25.330246,12.580245,19.810244,0.4,13.276144,5.2416787,9.158265,225.34894
20230801T0000,21.450245,15.550245,19.237745,11.5,20.018072,6.638072,13.682621,238.29692
20230802T0000,27.630245,15.180245,20.96816,4.7000003,29.96662,6.5693827,18.209318,226.15997
20230803T0000,23.210245,15.200245,19.720245,0.0,25.600533,3.2399998,16.66657,240.05583
20230804T0000,19.690245,14.830245,17.291912,3.3999999,10.495713,2.2768397,4.8394256,295.86633
20230805T0000,22.560246,13.850245,18.041079,0.4,11.753877,3.671294,7.6041694,249.5523
20230806T0000,17.400246,13.630245,15.129829,6.4,23.263912,9.511088,17.41246,246.76184
20230807T0000,19.370245,11.720245,15.161912,0.6,13.004921,5.0911684,9.640564,247.60403
20230808T0000,22.690245,9.080245,16.908995,0.0,10.661107,3.8939953,6.9008846,220.56897
20230809T0000,23.950245,14.550245,19.067745,0.0,14.764389,2.1897945,7.6799054,247.65189
20230810T0000,28.430244,13.530245,21.135658,0.0,8.534353,0.5091169,4.557094,46.503036
20230811T0000,31.960245,14.080245,23.43191,0.0,5.00128,0.35999998,2.6065443,67.52056
20230812T0000,28.960245,18.780245,23.780243,3.4,11.631956,0.5091169,5.6327157,212.02658
20230813T0000,29.670246,19.370245,23.951498,3.8,5.0142193,1.2979984,3.0755367,87.13758
20230814T0000,31.200245,19.620245,25.37233,0.3,6.12,1.2979984,3.5554826,144.83356
20230815T0000,30.750246,19.930244,24.833998,0.0,11.91812,2.4149535,6.042877,252.28421
20230816T0000,32.450245,17.450245,24.743158,0.7,8.350138,0.0,4.873288,20.87465
20230817T0000,29.850245,18.320246,23.941496,0.90000004,7.7043357,1.0182338,4.620671,102.94262
20230818T0000,34.440247,17.570246,25.529413,0.0,6.28713,2.4149535,4.738068,135.8551
20230819T0000,34.68025,18.580246,26.698992,0.0,9.746631,4.072935,6.5990777,347.76392
20230820T0000,34.660248,19.310246,27.033579,0.1,11.013882,1.4399999,5.522581,6.86998
20230821T0000,35.280247,21.500246,28.021498,0.0,6.924738,2.7416782,4.813422,18.434952
20230822T0000,35.190247,20.840246,27.767326,0.0,9.531505,2.9024127,5.546168,6.7661743
20230823T0000,33.850246,21.300245,26.836912,0.0,10.805999,3.5455887,6.200854,7.2480774
20230824T0000,35.900246,19.540245,26.333578,1.7,10.105681,0.71999997,4.6325135,99.57423
20230825T0000,26.840246,20.270245,23.069826,4.7000003,19.64228,2.3051248,7.751241,211.91861
20230826T0000,20.790245,17.180244,19.20858,9.4,8.0899935,2.9024127,4.8831987,223.75464
20230827T0000,19.390245,15.260245,17.139412,13.5,6.849467,1.8,4.0242934,217.81146
20230828T0000,16.000246,12.880245,14.41233,8.5,11.720751,0.8049845,6.2520404,343.5763
20230829T0000,16.620245,12.370245,14.586913,2.8000002,6.297428,2.968636,4.4598384,235.42581
20230830T0000,20.790245,11.850245,16.351494,0.0,11.177405,3.319036,6.4908824,235.12468
20230831T0000,19.980246,13.820246,17.018991,0.70000005,11.726277,1.08,5.8547416,229.79424
20230901T0000,25.760244,15.550245,19.956913,0.4,12.758432,2.3051248,7.0987926,219.40067
20230902T0000,28.960245,13.540245,20.849413,0.0,8.311245,2.2768397,4.380131,69.0265
20230903T0000,28.280245,14.230246,21.100246,0.0,11.177405,1.484318,5.7547607,32.640472
20230904T0000,30.360245,14.700245,22.124413,0.0,9.531505,3.319036,6.7079906,80.301796
20230905T0000,30.080246,14.970245,22.245245,0.0,7.754637,4.1046314,5.4026227,85.50486
20230906T0000,29.550245,13.610246,21.596495,0.0,5.904439,3.096837,4.2377076,89.2717
20230907T0000,30.870245,15.590245,22.943163,0.0,5.8048253,0.35999998,3.384576,82.34934
20230908T0000,31.820246,16.140245,23.927328,0.0,8.473393,1.0182338,4.1727824,32.13289
20230909T0000,32.190247,16.980246,24.248163,0.0,6.638072,0.35999998,3.285224,60.25511
20230910T0000,32.84025,16.590246,24.024414,0.0,6.6087217,0.71999997,3.0178745,70.32418
20230911T0000,33.27025,15.900246,24.239828,0.0,5.6920996,1.08,2.9816635,115.83288
20230912T0000,31.630245,17.400246,24.082329,0.6,11.200571,1.9386592,5.672598,217.28061
20230913T0000,23.400246,17.860245,19.95066,2.2,8.049845,1.2979984,3.9736989,268.8767
20230914T0000,24.170246,15.710245,19.488995,0.0,9.793058,0.8049845,5.706167,19.88832
20230915T0000,26.240246,14.930245,19.786493,0.0,6.849467,2.2768397,5.062876,105.44984
20230916T0000,27.270245,14.740245,20.770662,0.0,6.4096174,0.5091169,4.065079,138.2491
20230917T0000,29.660246,16.400246,22.345663,0.2,6.162207,0.8049845,4.201042,129.84145
20230918T0000,22.670246,18.090246,19.609827,7.8,16.279802,5.1919937,10.150788,192.56801
20230919T0000,23.480246,13.720245,19.096079,0.3,12.682018,4.3349743,9.002812,230.07803
20230920T0000,26.460245,10.920245,18.373163,0.0,11.183201,3.319036,6.491225,165.73326
20230921T0000,25.090246,14.370245,19.362331,10.799999,13.363711,4.2136917,6.9763074,200.45503
20230922T0000,20.220245,12.680245,15.756495,1.2,15.496736,4.73506,8.91553,222.82904
20230923T0000,18.200245,10.230246,13.906077,0.0,8.707238,1.0182338,5.7975955,248.59773
20230924T0000,20.640245,8.690246,13.6781645,0.0,12.429127,0.71999997,6.4962583,73.90412
20230925T0000,22.010244,7.0802455,14.036079,0.0,6.1305785,0.71999997,3.4677334,124.9194
20230926T0000,24.200245,8.360246,15.061078,0.0,5.8603754,0.0,3.6826575,150.65578
20230927T0000,24.980246,8.980246,16.001911,0.0,5.991594,0.8049845,4.123716,141.84277
20230928T0000,27.120245,11.650246,18.395243,0.0,5.815978,0.5091169,4.0893598,164.46362
20230929T0000,26.030245,11.910245,18.733162,0.0,15.517629,2.5455842,8.658901,236.57256
20230930T0000,22.350245,12.650246,17.465246,0.0,7.491114,1.484318,4.111011,15.430466
20231001T0000,25.220245,9.100245,16.797327,0.0,5.154415,1.609969,3.3108838,130.1116
20231002T0000,27.850245,10.640245,18.138163,0.0,7.928178,4.510787,5.8798223,157.2759
20231003T0000,25.610245,13.190246,18.369827,0.4,22.450264,0.35999998,10.906917,244.6041
20231004T0000,19.920246,9.690246,14.619414,0.0,7.8625183,0.35999998,4.284427,15.044113
20231005T0000,19.620245,8.150246,13.091079,0.0,8.049845,0.5091169,3.2246227,31.102814
20231006T0000,21.760244,5.690245,12.861496,0.0,4.452954,0.35999998,2.2535064,135.0
20231007T0000,24.240246,5.9902453,13.943165,0.0,5.7599998,1.9386592,4.1484046,190.5496
20231008T0000,27.040245,9.170245,16.79608,0.0,5.1544156,0.35999998,3.1335256,175.67235
20231009T0000,26.820246,11.120245,18.156076,0.0,8.913181,1.484318,5.139812,201.65599
20231010T0000,26.010244,11.100245,17.12983,0.0,5.8603754,2.16,3.6454074,188.09077
20231011T0000,26.490246,9.680245,17.33608,0.0,7.289445,2.0991426,5.7261524,184.62657
20231012T0000,26.470245,12.380245,18.682325,0.0,14.4,5.3999996,8.525961,205.8242
20231013T0000,28.120245,12.050245,20.153162,0.0,18.626305,5.3999996,10.621159,193.43228
20231014T0000,22.030245,10.270246,15.990246,6.0000005,20.674156,4.1046314,13.321435,247.17703
20231015T0000,13.3102455,5.0602455,10.143578,0.4,11.966954,3.6,7.25313,319.25885
20231016T0000,14.510245,2.6502452,7.758995,0.0,10.823973,4.802999,7.1028867,63.319893
20231017T0000,15.250245,3.5302453,8.494828,0.0,6.989936,4.32,5.629566,115.62348
20231018T0000,13.250245,7.2802453,10.621079,2.4,9.107359,4.5536795,6.2491174,129.37224
20231019T0000,16.810246,11.860246,14.2773285,4.2000003,9.585739,4.1046314,6.6096787,132.54457
20231020T0000,15.840245,12.950245,14.616494,10.600002,19.022177,3.0758414,9.739181,179.23097
20231021T0000,18.000246,10.300245,14.374828,0.0,20.390114,4.3498964,11.365518,218.81418
20231022T0000,16.970245,8.330246,11.761912,0.0,11.246759,0.8049845,6.1149216,197.59654
20231023T0000,14.030245,6.8002453,10.124413,0.8,9.726665,2.968636,4.8281207,91.94974
20231024T0000,14.120245,9.430245,11.668995,13.300001,6.8777895,4.0249224,5.3190365,194.16217
20231025T0000,15.150246,8.440246,12.252328,4.7999997,22.768396,4.896529,14.013226,200.47954
20231026T0000,16.170246,10.570246,12.875245,13.700001,20.972897,2.52,9.108047,214.42542
20231027T0000,14.580245,10.300245,11.898579,7.7,20.808498,5.4119864,14.659324,227.5008
20231028T0000,16.320246,10.710245,13.012328,0.8,16.595179,6.28713,11.581326,198.9465
20231029T0000,16.910246,9.600245,12.981496,1.6000001,9.904906,0.8049845,6.876739,158.70264
20231030T0000,14.690246,8.250245,11.674413,9.6,13.276144,1.8,6.914783,170.71307
20231031T0000,13.410245,9.670245,11.42233,2.8,18.709612,7.729527,12.590973,226.05626
20231101T0000,13.780245,6.3202453,9.828578,1.4,16.45007,7.4128532,9.911973,168.36636
20231102T0000,11.040245,6.500245,9.228162,9.900001,20.275383,6.489992,12.130967,172.1495
20231103T0000,10.030245,6.0302453,7.871078,0.0,14.654254,5.1165614,9.694859,222.75293
20231104T0000,11.840245,7.020245,9.043578,4.2999997,19.602652,9.290511,14.849488,171.66714
20231105T0000,12.960245,10.680245,11.759828,6.5,30.293522,17.566378,22.94979,222.44534
20231106T0000,12.830245,8.330246,10.674412,1.3000001,19.134262,7.2359104,12.531518,216.01692
20231107T0000,10.150246,5.1602454,8.181911,1.8,15.277749,6.489992,9.844037,209.05461
20231108T0000,12.380245,3.6902456,7.207745,0.0,15.273505,6.4799995,8.686149,187.83849
20231109T0000,10.380245,3.7702456,7.975662,4.2,17.58481,7.729527,12.7365465,187.58522
20231110T0000,10.670245,7.960245,9.061079,10.199999,21.67487,13.044722,15.827455,224.64609
20231111T0000,8.660245,4.130245,7.162745,2.3,21.218632,5.771239,11.589421,241.3313
20231112T0000,11.380245,2.1402454,6.1202455,14.700001,22.065973,5.315336,10.202446,195.8154
20231113T0000,16.180246,11.8102455,14.405247,9.2,26.712873,13.089354,21.95418,222.82526
20231114T0000,15.080245,10.360246,11.958579,12.799999,25.071098,10.239453,16.295015,232.954
20231115T0000,11.650246,7.1602454,10.136495,0.6,19.386591,5.6920996,13.000226,242.02808
20231116T0000,12.210245,5.230245,8.649829,15.2,34.247337,4.6938257,13.50682,209.0798
20231117T0000,9.050245,4.8902454,7.3269124,8.0,22.450264,5.00128,11.62133,263.97052
20231118T0000,9.620245,3.2702456,6.442745,4.1,11.659777,3.96,7.5873394,169.19385
20231119T0000,14.790245,10.280245,12.946495,1.8000001,19.469976,12.768586,16.583183,231.4789
20231120T0000,12.870245,9.370245,11.129413,0.4,17.906157,7.7879906,14.029653,236.83934
20231121T0000,9.890245,7.4502454,8.481495,5.4,11.709688,4.73506,7.8022733,285.3866
20231122T0000,7.290245,1.3602455,4.5706615,0.4,15.124284,2.2768397,9.80399,3.1253662
20231123T0000,7.860245,0.23024541,4.004829,0.0,8.39657,0.71999997,5.085261,219.03098
20231124T0000,8.990245,4.0602455,6.8923287,3.3000002,18.844202,9.511088,14.520444,262.9604
20231125T0000,5.130245,1.9902455,3.5006616,6.2,14.345898,7.10031,11.360084,266.8202
20231126T0000,5.3402452,0.100245416,3.1535788,3.0,13.1041975,3.319036,7.5906415,233.41046
20231127T0000,5.6002455,0.5702454,3.3239949,8.299999,19.35314,3.671294,10.971923,205.58638
20231128T0000,6.5802455,1.1602454,4.111495,5.8999996,18.35647,4.3349743,12.077244,272.29413
20231129T0000,5.8702455,0.1202454,1.9914951,0.0,10.948973,3.319036,6.669247,201.04791
20231130T0000,2.9802456,0.9802454,2.0998285,13.900001,6.489992,1.8,4.226839,130.8724
20231201T0000,3.3102455,1.4402454,2.5689955,11.600002,8.669949,1.4399999,4.0262113,19.049362
20231202T0000,1.4102454,-1.1797546,-0.051837947,3.6,11.966953,1.4399999,8.2617655,340.02594
20231203T0000,0.7302454,-5.1997547,-2.4855878,0.0,8.435069,0.71999997,5.5509124,142.11105
20231204T0000,3.1902456,-3.8397546,-0.28308776,1.2,10.990322,7.386582,8.790975,142.46138
20231205T0000,6.9702454,4.110245,5.426912,3.8000002,21.166653,10.931203,16.154211,213.44164
20231206T0000,6.0802455,2.2102454,4.662745,1.8000003,14.021525,2.8799999,8.010655,227.53778
20231207T0000,3.5602455,0.100245416,1.6931621,0.0,9.826088,3.0547013,6.219967,130.99982
20231208T0000,7.6602454,2.1702454,5.5644116,5.199999,10.144082,4.802999,7.2779045,169.05782
20231209T0000,10.330245,6.0802455,7.8202457,9.4,26.89419,6.28713,13.764195,197.62735
20231210T0000,11.470245,8.620245,9.855663,4.9,21.841648,12.224107,17.648022,225.50961
20231211T0000,12.090245,9.320246,11.240663,10.400001,21.407139,6.12,13.477721,228.67368
20231212T0000,13.500245,9.070246,11.122329,16.9,15.530151,5.04,11.289311,210.43051
20231213T0000,10.010245,6.8402452,8.594412,4.0,14.081477,6.1094027,9.697722,217.8103
20231214T0000,8.770246,5.190245,7.230245,3.4999998,10.464797,5.0911684,7.336303,271.40652
20231215T0000,8.260245,2.7602453,5.502329,0.2,5.1544156,1.0182338,3.6658165,206.42928
20231216T0000,6.290245,0.23024541,2.865245,0.0,4.5536795,1.484318,3.028828,103.0188
20231217T0000,6.0502453,-0.5397546,1.6864953,0.0,6.6087217,3.319036,5.1059203,152.35402
20231218T0000,9.000245,-0.2697546,2.6802454,0.0,6.9899354,4.379589,5.715343,164.47589
20231219T0000,6.5502453,0.8102454,3.403162,0.0,8.0899935,5.771239,6.947792,195.37936
20231220T0000,6.8102455,4.7802453,5.8435783,5.699999,17.610588,7.172949,11.49527,236.24321
20231221T0000,10.110246,5.710245,8.354413,7.0999994,28.373846,18.11841,23.53913,234.16747
20231222T0000,9.5602455,8.090245,8.881078,10.4,25.922499,20.570463,22.800367,257.5747
20231223T0000,8.760245,7.880245,8.191078,1.7000003,24.633049,17.935081,21.003946,238.54318
20231224T0000,11.370245,8.390245,9.715662,2.1999998,21.67487,15.03835,18.3471,223.1417
20231225T0000,11.130245,5.7202454,8.850661,0.0,17.0763,7.9036193,12.791009,233.89255
20231226T0000,9.840245,3.0002456,6.942745,0.0,12.599998,4.0249224,9.020482,224.5703
20231227T0000,9.940246,1.7202454,4.558579,0.0,8.766573,4.452954,6.7875924,156.12856
20231228T0000,9.680245,4.5702453,7.2819123,2.3000002,10.365251,6.12,8.0404825,183.67747
20231229T0000,12.440246,8.050245,10.102746,0.5,16.485485,7.5685663,11.073361,216.9177
20231230T0000,12.000245,4.1002455,7.9810777,0.0,12.599998,3.6,7.927098,191.70203
20231231T0000,7.880245,4.0102453,5.6056614,4.4999995,15.256526,7.5170207,10.858069,174.80557
20240101T0000,8.290245,5.110245,6.5073285,0.1,16.704155,7.342588,12.968589,213.97905
20240102T0000,11.170245,6.1602454,9.208163,12.1,29.784426,12.371645,23.862028,213.20435
20240103T0000,12.360246,9.540245,10.898579,5.6999993,28.963785,21.897945,24.52373,231.7142
20240104T0000,9.940246,3.9602456,7.7794113,2.1000001,26.727423,4.896529,15.373733,230.9998
20240105T0000,8.280246,4.150245,6.1723275,1.3000001,7.9036193,2.2768397,5.8584733,171.29591
20240106T0000,6.2602453,4.5802455,5.303162,2.2000003,6.924738,3.2599385,4.9154844,304.9594
20240107T0000,4.7402453,0.080245405,3.2960787,5.299999,16.454008,8.669949,13.256274,1.7734833
20240108T0000,-0.2697546,-1.1897546,-0.833088,0.0,16.167967,9.826088,13.383873,28.663162
20240109T0000,-1.1997546,-2.9897547,-2.391421,2.7000003,10.163227,4.1046314,6.5346203,47.960938
20240110T0000,0.9502454,-3.3897548,-1.9922546,0.3,6.6185193,1.8,4.32186,81.68972
20240111T0000,-0.8197546,-5.0697546,-3.4414215,0.0,8.699793,2.6208394,5.4933705,49.018295
20240112T0000,-2.0997548,-6.4697547,-4.473922,0.0,6.5693827,3.2599385,4.706295,64.94486
20240113T0000,-1.8897547,-7.269755,-4.597255,0.0,6.924738,2.0364676,4.684136,167.7685
20240114T0000,0.1202454,-6.6597548,-3.228921,0.0,9.504272,2.968636,6.825971,192.09476
20240115T0000,2.1202455,-2.8997545,-0.08767126,0.6,15.978484,4.802999,9.102375,248.62135
20240116T0000,1.8202454,-6.9097548,-2.7897549,0.0,5.6920996,3.0547013,4.4652996,146.49657
20240117T0000,10.930245,-0.6697546,5.473578,19.699999,17.917007,5.00128,11.007644,179.47914
20240118T0000,10.870245,-0.05975461,6.173996,14.3,21.915691,7.072878,13.883823,250.60219
20240119T0000,1.4202454,-4.8597546,-1.4335047,0.0,9.255571,3.219938,6.3281207,8.087875
20240120T0000,1.5202454,-6.249755,-3.2676709,0.0,7.5942073,3.671294,5.7490063,81.46029
20240121T0000,6.3202453,-5.3797545,-0.24642152,0.0,10.829959,6.6087217,8.28655,165.17052
20240122T0000,9.470245,0.9402454,6.4802456,7.8,24.122686,10.390226,17.11409,212.18182
20240123T0000,9.610246,6.750245,8.116078,1.6000001,16.92383,10.144082,13.615287,225.37819
20240124T0000,13.920245,10.160245,12.011077,2.5,24.248611,8.209263,18.248537,232.07893
20240125T0000,12.040245,9.530245,10.5064945,6.7,9.085988,2.4149535,5.13914,225.12321
20240126T0000,11.630245,4.7402453,9.178579,2.9999998,14.512064,5.0911684,8.824483,234.56874
20240127T0000,8.490246,0.070245415,3.5131624,0.0,6.8777895,2.9024127,4.742467,79.71548
20240128T0000,10.730246,0.070245415,3.5714953,0.0,8.0899935,5.1165614,6.297865,139.47322
20240129T0000,13.180245,1.0802454,5.2364955,0.0,7.10031,5.315336,6.2238045,150.58183
20240130T0000,12.020246,1.9802454,6.166495,0.0,8.049845,3.9763298,5.7438946,168.84319
20240131T0000,12.760245,2.1402454,6.827745,0.0,7.5942073,3.219938,5.1175265,183.71988
20240201T0000,10.010245,6.5102453,8.609412,4.2,10.44,3.319036,6.560787,219.27979
20240202T0000,11.200245,4.7002454,7.150661,0.0,11.457958,3.0547013,6.484922,211.24303
20240203T0000,9.630245,3.3002453,5.885662,0.0,9.028754,5.3517847,6.571899,228.22452
20240204T0000,9.390245,5.1602454,6.618995,0.2,12.10157,4.8433046,8.059844,228.26605
20240205T0000,10.450245,3.1602454,6.0527444,0.0,9.422101,6.12,7.1849923,212.95297
20240206T0000,8.370246,2.4702454,5.510662,0.0,13.32,6.439876,9.450309,230.37437
20240207T0000,11.470245,6.6002455,8.957328,4.2,25.305208,11.770403,17.933193,215.42496
20240208T0000,13.8102455,9.610246,10.885661,2.3,23.333443,5.1919937,14.287407,206.7665
20240209T0000,13.120245,8.680245,10.560245,3.9,11.212135,3.4152596,7.66934,157.24902
20240210T0000,11.960245,7.7002454,9.378996,1.8000002,15.683774,2.1897945,6.0136275,96.340164
20240211T0000,9.870245,6.020245,7.8727455,3.9999998,20.87379,11.525623,14.221833,225.82278
20240212T0000,9.710245,4.9502454,7.569828,0.1,12.819235,3.7585104,7.5283184,238.7048
20240213T0000,11.480246,2.3402452,6.1064954,0.0,6.4096174,1.609969,4.623857,198.57747
20240214T0000,13.520246,3.7902455,8.89858,0.0,7.6367526,3.6179552,5.9783077,183.16313
20240215T0000,14.670245,4.7202454,8.995245,0.2,7.653705,3.8773184,6.0675817,149.1843
20240216T0000,13.940246,8.430245,10.938161,0.6,9.449572,4.1046314,6.18784,192.4765
20240217T0000,11.600245,8.420245,10.246913,1.0,8.287822,1.2979984,5.116286,356.63354
20240218T0000,11.990245,5.5702453,8.655245,5.6000004,13.755579,1.1384199,6.667401,220.94066
20240219T0000,11.860246,8.830245,9.876078,2.3,13.089354,5.6233797,8.689956,254.40952
20240220T0000,11.260245,3.4602456,8.059829,1.1,7.9526596,1.1384199,4.941343,259.29315
20240221T0000,12.220245,2.0802455,7.946079,0.70000005,18.668005,3.9763298,8.361627,186.68297
20240222T0000,12.930245,7.4702454,10.792328,15.099999,28.820242,14.04,21.788734,213.13083
20240223T0000,10.040245,3.6102452,6.6252446,0.5,18.278645,5.3999996,10.9208145,218.21535
20240224T0000,9.000245,1.5902454,5.271912,0.6,15.077082,5.634891,9.335517,195.27417
20240225T0000,11.960245,1.1002455,6.3477454,0.4,12.682018,4.896529,7.9354324,146.21423
20240226T0000,13.030245,5.6002455,8.453578,3.1,7.7879906,3.0547013,5.420462,91.652306
20240227T0000,10.820246,4.6402454,7.9377446,0.2,17.727943,6.638072,10.6227,15.703598
20240228T0000,10.710245,5.3502455,7.595661,0.0,10.483357,3.396233,7.0988345,5.3869476
20240229T0000,11.520246,3.0502453,6.1656613,0.0,5.937272,1.0182338,3.0242221,130.32863
20240301T0000,9.8102455,3.8802452,6.738996,1.2,13.049689,2.9024127,7.1940246,195.37625
20240302T0000,14.030245,2.9002452,7.9798293,0.1,8.942214,1.835647,6.3791676,125.71791
20240303T0000,13.3102455,5.3002453,8.773995,0.1,12.074766,0.8049845,6.343736,337.92688
20240304T0000,9.230246,6.3102455,7.5381618,1.1,8.4042845,2.2768397,4.3192263,280.59152
20240305T0000,10.090245,6.4302454,7.7194123,0.4,11.770403,2.4149535,6.5865784,243.56033
20240306T0000,8.610246,5.380245,6.4306626,2.6,7.4128532,0.71999997,4.65424,291.58978
20240307T0000,8.670245,1.3002454,6.102328,0.0,8.311245,1.8,5.336704,72.74734
20240308T0000,11.390245,0.11024541,5.3460784,0.0,12.24,1.8,6.300663,99.999374
20240309T0000,14.510245,2.5702453,8.920245,0.7,9.028754,3.2399998,6.097597,83.70933
20240310T0000,10.320246,5.3902454,7.9760776,5.2999997,9.9571085,2.0364676,6.203619,194.33543
20240311T0000,12.8102455,2.7002454,7.190661,0.0,9.779817,4.0249224,6.823748,210.86244
20240312T0000,9.730246,5.1002455,7.6981616,5.6000004,15.042659,6.12,10.185975,229.41805
20240313T0000,13.050245,6.8502455,9.663579,13.1,14.81259,3.096837,8.706666,218.71115
20240314T0000,17.930244,4.940245,10.342746,0.0,8.647496,3.319036,5.850222,160.43983
20240315T0000,16.410246,8.650246,12.148995,1.8,18.359999,5.0528407,10.878452,222.09319
20240316T0000,14.040245,7.460245,11.067744,2.4,16.595179,2.7416782,11.495835,238.42938
20240317T0000,13.160245,5.6802454,9.631495,0.2,6.151683,2.9024127,4.305557,159.68399
20240318T0000,14.390245,8.780245,10.781911,11.400001,7.42159,1.2979984,4.639708,192.3476
20240319T0000,16.570246,6.360245,10.641496,0.0,5.315336,1.1384199,3.3284647,100.07247
20240320T0000,19.460245,3.9702454,11.043995,0.0,6.4096174,1.8,3.6809626,142.26695
20240321T0000,19.200245,8.600245,13.701913,1.9,12.599998,0.5091169,6.8623447,263.14023
20240322T0000,20.280245,7.6402454,13.410245,0.0,10.195057,3.219938,6.0881004,203.32535
20240323T0000,12.450245,5.110245,9.002745,5.2000003,23.623243,9.028754,16.195875,254.86234
20240324T0000,8.940246,4.5902452,6.3781624,3.9999995,20.037485,6.618519,14.8904085,244.42181
20240325T0000,13.120245,1.5102453,7.39733,0.0,10.594036,3.319036,6.820434,111.80141
20240326T0000,17.270245,5.2402453,11.118579,0.1,9.007196,1.609969,4.70792,89.71208
20240327T0000,9.5602455,2.7902455,6.510662,5.4,16.87398,1.609969,8.920376,238.17642
20240328T0000,12.710245,2.0402455,7.1256623,4.2,25.537172,6.3690495,13.008925,197.50925
20240329T0000,18.210245,5.6602454,11.279412,1.1,10.009036,2.0991426,5.868061,114.702415
20240330T0000,15.070246,9.200245,11.478995,5.9,14.118243,1.609969,7.051926,29.744843
20240331T0000,16.770245,6.750245,11.369412,6.8000007,7.42159,2.16,4.862041,40.440033
20240401T0000,12.070246,7.7402453,9.654412,10.0,20.87379,4.198285,11.593911,231.99919
20240402T0000,13.840245,5.020245,9.620662,0.8,20.26899,2.9024127,13.150146,226.66739
20240403T0000,13.090245,4.9102454,10.098161,4.4,19.61587,6.489992,12.669118,200.51189
20240404T0000,17.130245,11.710245,13.878579,2.0,17.072504,6.130579,12.41399,209.02684
20240405T0000,22.950245,9.550245,16.145664,0.0,19.862083,2.0364676,7.6532416,195.51614
20240406T0000,27.600245,9.480246,17.607328,0.0,15.517629,3.5455887,8.089007,166.59741
20240407T0000,24.370245,12.800245,17.98066,0.0,8.217153,1.609969,4.914764,151.78264
20240408T0000,25.740246,11.720245,18.813578,0.1,10.495713,1.9386592,4.7850957,113.4679
20240409T0000,18.450245,6.440245,10.995663,4.7,19.083395,4.0249224,12.167567,240.93777
20240410T0000,12.630245,4.4502454,8.426079,0.0,9.826088,4.1046314,7.1554675,345.86395
20240411T0000,17.810246,3.5602455,10.717328,0.0,7.172949,1.484318,4.00557,19.300812
20240412T0000,21.860245,4.0702453,13.620664,0.0,7.2359104,0.5091169,2.8371804,61.488747
20240413T0000,26.440245,6.960245,16.597328,0.0,6.130579,2.8116899,4.277284,167.82408
20240414T0000,26.510244,10.800245,18.558994,0.0,10.948973,2.9024127,5.9982586,222.02795
20240415T0000,18.920246,7.860245,15.278163,4.3,28.001427,2.6208394,14.113189,253.37924
20240416T0000,10.550245,5.940245,7.7064953,5.7999997,26.368616,9.387651,18.271637,254.58258
20240417T0000,9.500245,4.2502456,6.426495,9.400002,13.722565,5.1165614,10.652127,264.14825
20240418T0000,9.010245,3.1102452,5.751079,4.7000003,11.304229,3.219938,6.7008495,313.69214
20240419T0000,7.8402452,3.0902452,6.106495,11.7,25.41763,5.634891,14.5719595,234.94058
20240420T0000,8.990245,4.2102456,6.278162,4.8999996,9.449572,5.0911684,7.5033927,305.50723
20240421T0000,6.2402453,2.1902454,4.4952445,5.8999996,10.948973,5.0911684,7.336191,319.47946
20240422T0000,7.170245,2.4402454,4.758579,0.1,17.727943,4.6800003,11.310035,18.582993
20240423T0000,9.270246,1.4302454,5.3806624,0.3,15.941944,4.1046314,9.363955,5.537964
20240424T0000,6.9902453,0.9502454,4.6023283,1.9999999,14.799459,4.1046314,9.485139,245.3801
20240425T0000,10.530245,2.6802454,6.116913,0.1,10.630672,1.5273507,6.717386,221.92255
20240426T0000,12.680245,3.5202456,8.134829,3.5,10.805999,4.0249224,7.493117,168.32327
20240427T0000,21.010244,5.040245,13.171496,0.0,9.957108,5.1165614,7.228729,127.69876
20240428T0000,13.910245,9.460245,11.730245,5.0999994,14.917212,1.9386592,6.2545166,211.44872
20240429T0000,19.470245,8.740245,13.601911,1.5000001,11.720751,1.484318,5.582748,5.8969574
20240430T0000,24.240246,8.070246,16.253578,0.0,9.339208,2.8116899,4.982271,26.565033
20240501T0000,26.180244,9.640245,17.794413,0.1,9.585739,0.0,4.7894483,86.68906
20240502T0000,15.870245,10.580245,13.148994,14.300002,18.175545,4.39436,10.285485,245.51967
20240503T0000,14.550245,7.3102455,11.380662,0.5,15.978486,2.9024127,9.767631,234.69199
20240504T0000,18.730246,6.150245,13.466077,0.7,13.450708,3.0547013,6.872646,160.60585
20240505T0000,20.660246,13.020246,16.106497,9.900001,14.982228,0.8049845,9.302387,211.75949
20240506T0000,14.630245,11.350245,13.389412,7.3000007,13.584932,3.219938,7.9324703,226.04163
20240507T0000,15.370245,10.210245,12.792745,6.6,10.853866,2.8799999,5.5055747,326.9124
20240508T0000,16.810246,10.460245,13.4648285,0.0,12.959999,5.5887027,9.255011,3.5940247
20240509T0000,20.010244,8.890245,14.256496,0.0,12.7279215,5.0911684,7.9300857,41.6427
20240510T0000,23.770245,6.3202453,15.708161,0.0,7.289445,3.8773184,5.9251466,56.13965
20240511T0000,25.480246,7.730245,17.360243,0.0,8.534353,3.0758414,5.0794187,68.0513
20240512T0000,25.630245,11.000245,18.448578,1.5,7.42159,2.52,5.1147184,149.1811
20240513T0000,23.810246,13.400246,18.388992,1.0,6.849467,2.9024127,4.7485547,161.32991
20240514T0000,25.080246,11.090245,17.892744,3.0000002,15.459054,2.2768397,6.800525,301.42957
20240515T0000,17.900246,11.920245,14.775664,14.699998,7.968939,0.8049845,4.246169,287.133
20240516T0000,16.620245,10.750245,13.292745,16.400002,12.031756,1.609969,6.0750504,240.35849
20240517T0000,16.490246,9.400246,13.143994,11.0,15.379206,2.2768397,10.427233,240.11536
20240518T0000,20.850245,7.3502455,14.024411,0.5,12.413476,1.5273507,4.513409,212.03178
20240519T0000,21.380245,9.900246,15.433995,1.9,8.287822,2.5455842,5.161949,237.18091
20240520T0000,23.770245,9.580245,17.283579,0.5,10.703569,1.484318,5.0098834,24.179092
20240521T0000,19.080246,13.0602455,15.403161,7.1999993,11.165805,0.71999997,6.15596,225.56726
20240522T0000,18.940245,11.800245,15.543579,0.5,13.854155,3.6,9.241519,235.2673
20240523T0000,16.640245,10.020246,13.523997,4.2999997,6.489992,0.71999997,3.8970191,184.54199
20240524T0000,17.450245,9.550245,14.025661,3.7999997,9.36,1.0182338,3.6987505,218.88449
20240525T0000,21.090246,8.200246,14.853996,0.0,5.154415,1.1384199,3.5676558,152.82973
20240526T0000,22.000246,9.420245,16.477327,0.5,9.339208,3.7585104,5.935064,188.03824
20240527T0000,20.430244,13.440246,16.723997,2.7,9.220499,2.5455842,5.5606036,219.93283
20240528T0000,21.110245,11.190246,16.11358,0.0,6.924738,0.8049845,4.5208607,218.18022
20240529T0000,17.010244,11.190246,14.545662,11.1,11.440978,2.0991426,6.5402226,209.99728
20240530T0000,17.980246,12.160245,15.348163,15.4,13.18308,4.510787,8.855512,245.83337
20240531T0000,15.960245,11.290245,13.251494,12.500001,10.8955765,3.7064266,6.5831113,253.77982
20240601T0000,17.880245,12.230246,14.92233,7.200001,7.5170207,1.8,4.8704925,265.8818
20240602T0000,17.140245,13.760245,15.413994,22.599998,9.0,0.5091169,4.5080523,323.51724
20240603T0000,17.160246,13.650246,15.086495,4.1,9.793058,2.3051248,7.1166663,349.67328
20240604T0000,22.700245,12.200245,17.281912,0.0,7.10031,0.5091169,2.66297,273.09406
20240605T0000,24.460245,12.860246,18.900663,0.0,10.514218,1.484318,6.1772084,230.06659
20240606T0000,25.510244,12.790245,19.611078,0.0,12.864649,0.5091169,5.524039,228.49783
20240607T0000,26.110245,15.370245,20.635248,0.1,6.9247384,0.71999997,3.9855547,266.84204
20240608T0000,23.220245,14.270246,19.052746,8.0,7.42159,2.1897945,3.513009,192.14429
20240609T0000,20.540245,16.160246,18.22733,6.5000005,10.464798,1.484318,6.5061035,2.2270355
20240610T0000,21.770245,13.390245,17.651495,0.0,16.09969,4.6800003,10.199077,273.92218
20240611T0000,17.220245,10.910245,13.876912,0.3,9.826088,2.4149535,5.782985,357.20734
20240612T0000,19.400246,8.760245,14.547326,0.0,10.538843,0.8049845,6.1061206,351.40765
20240613T0000,21.410246,9.800245,15.3744135,0.0,8.587338,0.5091169,4.1665606,322.90717
20240614T0000,20.820246,11.790245,16.451496,3.5,15.941944,4.3349743,7.9006667,175.09773
20240615T0000,19.840246,13.580245,16.468998,15.300002,19.652176,4.802999,11.286859,237.70203
20240616T0000,22.440245,12.920245,17.562746,0.0,14.578888,1.1384199,7.698742,218.97
20240617T0000,20.950245,15.190246,18.204828,2.6,8.28,0.35999998,5.328891,178.3897
20240618T0000,29.740246,13.530245,21.868576,0.1,7.653705,0.8049845,4.2570906,151.52579
20240619T0000,28.800245,17.310246,22.826492,5.7,11.726277,1.9386592,6.499008,10.30484
20240620T0000,26.370245,17.500246,20.997744,12.2,10.195057,1.08,5.2675123,105.29299
20240621T0000,23.830246,16.140245,19.067327,10.800001,12.413477,0.35999998,7.4724174,204.69998
20240622T0000,17.640245,13.850245,15.733163,6.5999994,10.853866,3.319036,6.401211,213.84178
20240623T0000,20.890245,13.490245,17.423578,0.5,12.10157,1.2979984,7.0370464,16.686646
20240624T0000,27.410246,14.750245,21.477327,0.0,16.199999,6.379216,10.693965,25.435318
20240625T0000,28.800245,15.690246,22.462328,0.2,14.003029,1.1384199,7.39516,28.827835
20240626T0000,24.890245,16.640245,21.024832,4.4999995,7.771331,1.9386592,5.441879,193.34283
20240627T0000,29.720245,17.500246,23.790665,0.6,9.826088,3.319036,7.1667495,217.81573
20240628T0000,29.060246,18.870245,24.185247,2.6,8.161764,1.0182338,4.693499,206.56505
20240629T0000,30.060246,18.860245,24.185661,10.5,13.441071,1.4399999,5.663309,32.300415
20240630T0000,21.460245,15.750245,18.886496,4.8,16.520823,2.9024127,9.7104645,244.08548
20240701T0000,22.670246,14.520246,18.25858,1.0,14.336861,1.8,6.271642,259.83978
20240702T0000,19.160246,14.010245,16.116913,5.8000007,9.904906,3.396233,6.3005967,258.07275
20240703T0000,17.630245,13.770246,15.454413,6.1000004,10.105681,4.39436,6.4988537,238.2344
20240704T0000,21.410246,13.300245,17.453163,1.3000001,21.252197,4.8965297,12.157163,233.75478
20240705T0000,24.840246,12.890245,19.28108,0.0,6.6087217,0.71999997,4.4151034,184.8344
20240706T0000,22.680244,14.860246,17.863163,11.999999,14.618837,3.8268526,8.473345,223.25317
20240707T0000,21.680244,12.330245,17.121077,0.0,5.0528407,1.609969,3.5307553,192.21571
20240708T0000,27.410246,10.740245,19.670246,0.0,7.24486,1.8,3.7792785,86.919785
20240709T0000,32.520245,15.260245,24.450243,0.0,10.464797,3.7064266,6.01084,135.2122
20240710T0000,26.750246,20.300245,22.707747,12.7,7.42159,1.2979984,4.48373,225.0
20240711T0000,27.990246,19.460245,23.230246,7.6000004,6.28713,0.35999998,2.5791373,29.05458
20240712T0000,23.840246,16.740246,20.657743,1.0,13.089354,4.072935,8.7903385,229.11
20240713T0000,23.060246,14.510245,18.69316,0.3,6.5693827,1.08,5.0239854,273.4533
20240714T0000,25.240246,12.050245,19.365246,0.0,5.8048253,0.71999997,2.8260772,166.57817
20240715T0000,29.650246,14.500245,21.922747,4.8999996,14.512064,0.71999997,5.2608485,151.38954
20240716T0000,24.090246,15.940246,20.588581,0.0,12.964998,3.5455887,8.130275,243.86696
20240717T0000,25.700245,15.160245,20.465246,0.0,7.5942082,0.8049845,4.3049912,17.216064
20240718T0000,28.840246,14.120245,21.857744,0.0,8.707237,3.319036,6.065516,28.081543
20240719T0000,30.990246,16.130245,23.99483,0.8,7.5942073,1.2979984,3.3217156,19.692017
20240720T0000,31.170246,17.280245,24.631912,0.0,6.87779,1.4399999,3.4592946,135.97931
20240721T0000,26.500246,19.370245,22.561499,2.7000003,9.339208,3.6,6.5501027,236.04094
20240722T0000,25.700245,17.180244,21.556082,1.0,9.746631,3.8939953,6.5436635,266.6253
20240723T0000,25.420246,15.120245,20.763578,0.5,11.885453,3.5455887,7.2827244,256.12552
20240724T0000,23.900246,15.670245,20.040247,0.0,8.647496,3.4152596,6.1563754,351.9121
20240725T0000,27.040245,14.380245,20.490248,0.0,6.9899354,1.609969,4.2794223,19.178986
20240726T0000,28.700245,15.250245,22.228996,0.0,7.6367526,0.35999998,3.4915073,30.101288
20240727T0000,28.710245,17.360245,22.800247,2.7000003,8.766573,0.5091169,3.5598161,318.63818
20240728T0000,24.900246,16.220245,20.504827,2.3000002,11.165805,5.3517847,8.203793,14.03624
20240729T0000,29.490246,13.980246,22.13733,0.0,7.7043357,4.1046314,5.79196,58.17713
20240730T0000,34.11025,16.900246,24.960249,0.0,7.145796,0.8049845,4.3286757,88.89297
20240731T0000,31.200245,18.960245,24.721914,0.2,6.849467,1.1384199,3.7160256,90.60309
20240801T0000,26.890245,19.240246,22.69233,7.2999997,10.464797,3.7585104,6.525706,201.00035
20240802T0000,27.850245,17.890245,22.473166,4.1,12.224107,1.0182338,4.0233803,299.94193
20240803T0000,27.090246,17.240246,21.90108,0.0,9.387651,1.1384199,5.5373344,293.5845
20240804T0000,25.230246,16.320246,21.122747,0.1,7.42159,2.5959969,5.0353475,284.28564
20240805T0000,27.650246,16.580246,21.831495,0.0,8.089993,0.0,4.227547,15.683105
20240806T0000,30.290245,15.050245,23.348993,0.0,6.6185193,0.35999998,2.9480293,24.814194
20240807T0000,27.590246,17.640245,21.90358,2.8999999,10.00256,1.1384199,5.5065975,223.58308
20240808T0000,26.340246,15.830245,21.865244,0.1,7.10031,1.609969,5.0088162,338.60022
20240809T0000,29.210245,13.8102455,22.073996,0.0,7.968939,0.8049845,4.715714,239.15912
20240810T0000,30.390245,17.270245,23.873999,0.0,7.342588,0.8049845,3.9740918,12.645416
20240811T0000,32.510246,17.680244,24.986498,0.0,8.4963045,3.8773184,6.2001243,40.943253
20240812T0000,34.260246,20.930244,27.056084,0.70000005,6.28713,1.2979984,3.8611689,146.61853
20240813T0000,33.18025,18.970245,25.870245,0.0,7.653705,0.8049845,4.53657,124.91452
20240814T0000,28.940245,19.210245,23.705244,1.0,11.013882,2.16,5.3163323,258.2749
20240815T0000,29.580246,17.510244,23.33316,0.0,10.1376915,0.8049845,5.8187976,0.4828186
20240816T0000,30.090246,18.880245,24.26066,0.5,6.725354,0.35999998,4.315805,307.75815
20240817T0000,28.700245,18.080246,23.282747,0.2,6.638072,1.0182338,3.3483467,177.4552
20240818T0000,21.080246,17.310246,19.33941,15.500001,11.367109,3.5455887,6.0953255,246.72266
20240819T0000,24.200245,16.180246,19.698164,0.1,11.609651,1.835647,6.6571064,28.491898
20240820T0000,26.460245,14.830245,20.820662,0.0,6.6185193,0.35999998,2.728288,238.06932
20240821T0000,23.020245,12.990245,19.02441,0.2,12.10157,4.5536795,7.4522405,306.37738
20240822T0000,27.010244,11.430245,18.484411,0.0,6.3690495,0.35999998,3.2443874,141.17017
20240823T0000,29.530245,12.120245,20.889828,0.0,12.979984,2.52,6.554704,218.87173
20240824T0000,34.77025,15.3102455,25.02858,0.7,15.042659,2.4149535,7.9658375,185.62877
20240825T0000,21.640245,15.250245,18.443998,8.3,14.113653,0.5091169,5.8094068,281.96948
20240826T0000,23.000246,13.000245,17.615246,0.0,9.693296,4.3498964,6.5102,31.17134
20240827T0000,26.550245,11.500245,19.107328,0.0,10.446206,4.8433046,6.671889,86.10629
20240828T0000,32.080246,14.910245,23.156916,0.0,7.342588,1.9386592,4.8522935,151.00009
20240829T0000,32.520245,16.740246,24.54733,0.0,6.519877,1.8,4.296494,141.46408
20240830T0000,31.570246,17.660246,24.368996,0.0,7.9526596,1.1384199,4.8270364,33.388504
20240831T0000,31.120245,18.090246,24.351912,0.0,7.69592,2.8116899,4.98988,22.619858
20240901T0000,30.700245,17.990246,23.869827,2.3000002,8.209263,0.71999997,3.7627916,111.801414
20240902T0000,27.560246,18.290245,22.301079,0.5,5.4833565,1.0182338,3.9970787,223.48459
20240903T0000,29.170246,17.770245,22.86691,0.0,7.928178,0.8049845,3.6478758,279.72757
20240904T0000,25.260244,18.820246,21.648996,1.0,8.28,0.8049845,4.025617,317.31708
20240905T0000,23.800245,16.160246,19.348162,8.5,14.404499,2.3051248,7.8410134,264.32697
20240906T0000,25.340246,14.260245,18.922327,0.8,7.6367526,0.8049845,3.8264086,163.17857
20240907T0000,28.990246,13.950245,21.33483,0.0,8.473393,2.4149535,4.84506,58.313637
20240908T0000,20.910246,15.410245,18.459414,1.4,7.342588,1.0182338,4.5081153,199.98311
20240909T0000,19.550245,15.250245,16.824831,3.8000002,15.827721,8.4042845,12.640976,234.86368
20240910T0000,18.210245,12.980246,15.766913,2.4,14.332341,6.193674,9.878667,249.00128
20240911T0000,15.270246,9.210245,12.867745,12.2,16.831684,2.1897945,10.8292265,228.21255
20240912T0000,13.670245,6.9902453,10.340245,2.4,8.825508,2.52,5.5975595,247.71442
20240913T0000,13.640245,6.8402452,10.156078,3.2000003,13.708391,3.4152596,7.3770146,312.8857
20240914T0000,14.890245,6.380245,11.078162,0.2,12.7279215,3.7064266,8.185037,0.114593506
20240915T0000,17.270245,4.3002453,10.661078,0.0,12.738099,1.609969,7.8621063,22.096313
20240916T0000,15.460245,7.900245,11.659413,2.0,9.826088,0.0,3.9340181,0.7505493
20240917T0000,18.110245,12.320246,14.417329,1.5,19.33639,3.4152596,11.441849,24.841064
20240918T0000,22.220245,11.450245,16.03441,0.0,17.309973,3.4152596,10.061404,58.38086
20240919T0000,22.450245,9.990245,15.78233,0.0,9.511088,0.8049845,4.7550316,58.255867
20240920T0000,23.700245,10.000245,15.850661,0.0,7.729527,0.71999997,4.8563294,91.72698
20240921T0000,24.040245,10.650246,16.382746,0.0,7.5170207,1.2979984,4.039157,70.15537
20240922T0000,23.050245,11.0602455,16.778997,1.3,6.924738,1.8,3.749481,197.94244
20240923T0000,17.200245,12.280245,15.075248,7.0,8.78872,3.219938,5.284974,194.39046
20240924T0000,18.600245,12.110246,15.241912,0.4,18.388212,6.519877,10.88213,213.9051
20240925T0000,20.040245,13.510245,16.391495,1.2,20.390114,7.342588,10.611169,192.58856
20240926T0000,17.880245,14.750245,16.67108,21.499998,20.380579,12.57426,17.072063,194.586
20240927T0000,16.030245,11.300245,14.132745,0.7,23.006226,8.587338,14.955933,231.69539
20240928T0000,13.640245,7.860245,11.318162,6.9999995,12.738099,0.0,7.7757797,289.05
20240929T0000,15.3102455,4.9302454,10.215661,0.0,14.05845,0.8049845,7.412494,102.543015
20240930T0000,19.370245,9.330245,14.858161,0.0,21.67487,5.692099,9.834006,208.42238
20241001T0000,16.100246,12.510245,14.119831,25.6,11.480557,2.3051248,7.3327966,203.44807
20241002T0000,14.050245,10.000245,12.517327,2.8000002,8.557102,1.1384199,4.4926047,242.01076
20241003T0000,12.990245,8.690246,10.837327,1.3000001,16.946787,5.506941,11.830117,12.917801
20241004T0000,13.040245,9.470245,10.900245,0.2,15.629972,5.506941,11.2395525,5.924591
20241005T0000,14.160245,5.8402452,10.154828,0.0,9.686609,3.8773184,6.7092934,29.83194
20241006T0000,16.510246,5.5802455,10.797329,2.8,10.383987,5.6002855,7.3719077,142.8447
20241007T0000,19.040245,12.150246,15.53358,4.6,8.669949,3.563818,6.4169393,145.45361
20241008T0000,15.140245,11.440246,14.028996,16.0,9.028754,3.396233,5.851219,172.47916
20241009T0000,18.170246,9.670245,14.451496,1.9000001,19.914217,4.896529,9.452856,153.98627
20241010T0000,18.660246,11.720245,14.439411,2.2,28.673721,8.78872,15.202409,236.9737
20241011T0000,14.540245,5.9502454,11.223579,1.6000001,11.592894,3.7064266,6.5982623,283.4486
20241012T0000,14.640245,4.920245,10.267745,7.2,13.202726,4.0249224,8.848768,156.70544
20241013T0000,16.170246,9.290245,13.965244,1.9000001,16.548256,1.8,9.207719,245.01215
20241014T0000,20.450245,9.620245,14.447328,1.5000001,13.684735,1.835647,7.311589,181.09906
20241015T0000,15.780245,12.490245,14.062327,0.5,8.557102,4.3498964,5.931223,116.29318
20241016T0000,17.720245,11.660245,13.949413,0.6,7.42159,3.2599385,4.569311,130.18942
20241017T0000,20.920246,13.140245,16.052328,1.5000001,8.4963045,2.5959969,5.160309,129.42415
20241018T0000,17.660246,12.050245,14.791493,3.6000001,9.826088,2.1897945,6.2870464,201.96274
20241019T0000,17.430244,10.400246,13.241076,0.0,7.208994,2.4149535,4.9098907,164.7937
20241020T0000,17.860245,9.870245,12.499829,0.0,6.8399997,2.5959969,4.172789,160.12782
20241021T0000,21.740246,9.680245,14.139831,0.0,8.225035,3.8268526,5.8277497,148.627
20241022T0000,17.560246,13.370245,15.631495,1.4000001,7.289444,1.484318,5.1789527,279.4623
20241023T0000,15.900246,10.970245,12.778579,0.0,10.703569,2.9024127,6.9429374,32.15863
20241024T0000,17.620245,10.950245,13.500661,0.0,8.049845,2.1897945,5.4732156,148.2684
20241025T0000,18.960245,11.020246,14.0706625,0.0,8.714677,2.1897945,5.3496814,138.48933
20241026T0000,14.270246,9.320246,11.500661,0.0,6.4096174,1.8,4.056356,131.63354
20241027T0000,20.060246,9.520246,13.354828,0.0,6.439876,0.5091169,4.070529,150.39555
20241028T0000,20.040245,8.190246,12.712746,0.0,6.725354,3.096837,4.228345,146.482
20241029T0000,18.950245,8.750245,12.381913,0.0,5.8603754,1.5273507,3.9557297,143.6991
20241030T0000,14.420245,8.340245,10.671078,0.0,5.315336,1.8,4.110317,108.61017
20241031T0000,12.650246,8.940246,10.488994,0.0,5.3999996,2.3051248,3.7269135,138.52403
20241101T0000,16.470245,6.9702454,10.028579,0.0,6.9899354,2.0991426,4.725486,165.22746
20241102T0000,10.420245,6.520245,8.429829,0.0,6.638072,0.8049845,4.322351,48.914124
20241103T0000,12.610246,5.1202455,8.797328,0.0,5.904439,3.5455887,4.5685353,123.795296
20241104T0000,10.180245,3.9602456,6.5981617,0.0,6.3690495,2.1897945,4.9170785,128.26794
20241105T0000,15.670245,5.250245,8.8848295,0.0,6.792466,2.7416782,5.2481008,150.19385
20241106T0000,14.620245,7.210245,10.262328,0.0,5.815978,2.0364676,4.273363,81.18478
20241107T0000,9.660245,7.110245,8.354828,0.0,4.510787,1.484318,3.0974054,67.222984
20241108T0000,11.670245,7.690245,8.983578,0.0,6.9247384,2.5455842,4.236889,127.55553
20241109T0000,12.320246,6.7002454,8.768994,0.0,6.439876,1.2979984,4.316439,144.01709
20241110T0000,8.490246,5.3202453,6.7044125,0.0,5.506941,1.835647,3.9602697,81.544975
20241111T0000,7.7002454,4.5602455,6.182329,2.1,7.24486,0.0,3.461963,316.87787
20241112T0000,8.470245,5.2402453,6.6219115,0.0,17.0763,2.0991426,9.106987,39.03134
20241113T0000,5.790245,2.8302455,4.671495,0.0,9.47012,3.396233,6.237065,13.593933
20241114T0000,7.8402452,1.5602454,4.591912,0.0,5.8603754,1.2979984,2.990427,101.45389
20241115T0000,9.860246,1.5802454,5.3673286,0.0,5.8048253,1.8,3.086917,78.76555
20241116T0000,7.8502455,0.5102454,3.0127459,0.0,6.9899354,3.6179552,5.1625195,171.99258
20241117T0000,9.3102455,2.0502453,5.960245,1.2,14.118243,4.3349743,7.1784244,228.10167
20241118T0000,,,,,,,,
20241119T0000,,,,,,,,
20241120T0000,,,,,,,,
20241121T0000,,,,,,,,
20241122T0000,,,,,,,,