"CubeId";"amarbma"
"PublishingDate";"2024-11-21 09:00"

"Date";"D0";"Value"
"2000-01";"T1";"2.34687818"
"2000-01";"S1";"2.02743149"
"2000-01";"E";"3946988"
"2000-02";"T1";"2.24733392"
"2000-02";"S1";"1.9712185"
"2000-02";"E";"3946988"
"2000-03";"T1";"2.06608178"
"2000-03";"S1";"1.91018968"
"2000-03";"E";"3946988"
"2000-04";"T1";"1.91644869"
"2000-04";"S1";"1.87376533"
"2000-04";"E";"3946988"
"2000-05";"T1";"1.76813307"
"2000-05";"S1";"1.8247651"
"2000-05";"E";"3946988"
"2000-06";"T1";"1.67119839"
"2000-06";"S1";"1.81158866"
"2000-06";"E";"3946988"
"2000-07";"T1";"1.65037239"
"2000-07";"S1";"1.79362937"
"2000-07";"E";"3946988"
"2000-08";"T1";"1.61409156"
"2000-08";"S1";"1.75623824"
"2000-08";"E";"3946988"
"2000-09";"T1";"1.57915352"
"2000-09";"S1";"1.72409038"
"2000-09";"E";"3946988"
"2000-10";"T1";"1.59496305"
"2000-10";"S1";"1.67495711"
"2000-10";"E";"3946988"
"2000-11";"T1";"1.66509247"
"2000-11";"S1";"1.61404711"
"2000-11";"E";"3946988"
"2000-12";"T1";"1.76651158"
"2000-12";"S1";"1.56545887"
"2000-12";"E";"3946988"
"2001-01";"T1";"1.83164986"
"2001-01";"S1";"1.51874539"
"2001-01";"E";"3946988"
"2001-02";"T1";"1.76757568"
"2001-02";"S1";"1.50041964"
"2001-02";"E";"3946988"
"2001-03";"T1";"1.66266024"
"2001-03";"S1";"1.52386072"
"2001-03";"E";"3946988"
"2001-04";"T1";"1.59696457"
"2001-04";"S1";"1.54956892"
"2001-04";"E";"3946988"
"2001-05";"T1";"1.54793985"
"2001-05";"S1";"1.60425797"
"2001-05";"E";"3946988"
"2001-06";"T1";"1.49926982"
"2001-06";"S1";"1.64808872"
"2001-06";"E";"3946988"
"2001-07";"T1";"1.52435224"
"2001-07";"S1";"1.67313333"
"2001-07";"E";"3946988"
"2001-08";"T1";"1.5474838"
"2001-08";"S1";"1.69341723"
"2001-08";"E";"3946988"
"2001-09";"T1";"1.57512513"
"2001-09";"S1";"1.7162334"
"2001-09";"E";"3946988"
"2001-10";"T1";"1.73038276"
"2001-10";"S1";"1.80429222"
"2001-10";"E";"3946988"
"2001-11";"T1";"1.96689222"
"2001-11";"S1";"1.90806556"
"2001-11";"E";"3946988"
"2001-12";"T1";"2.17956072"
"2001-12";"S1";"1.9727341"
"2001-12";"E";"3946988"
"2002-01";"T1";"2.37431682"
"2002-01";"S1";"2.04992803"
"2002-01";"E";"3946988"
"2002-02";"T1";"2.39352134"
"2002-02";"S1";"2.11462391"
"2002-02";"E";"3946988"
"2002-03";"T1";"2.34029087"
"2002-03";"S1";"2.18624374"
"2002-03";"E";"3946988"
"2002-04";"T1";"2.3315247"
"2002-04";"S1";"2.27356574"
"2002-04";"E";"3946988"
"2002-05";"T1";"2.30378202"
"2002-05";"S1";"2.35136483"
"2002-05";"E";"3946988"
"2002-06";"T1";"2.29808147"
"2002-06";"S1";"2.43651118"
"2002-06";"E";"3946988"
"2002-07";"T1";"2.35490962"
"2002-07";"S1";"2.50842592"
"2002-07";"E";"3946988"
"2002-08";"T1";"2.44140595"
"2002-08";"S1";"2.58025291"
"2002-08";"E";"3946988"
"2002-09";"T1";"2.58143678"
"2002-09";"S1";"2.69937895"
"2002-09";"E";"3946988"
"2002-10";"T1";"2.7919264"
"2002-10";"S1";"2.8436536"
"2002-10";"E";"3946988"
"2002-11";"T1";"3.05617853"
"2002-11";"S1";"2.98409461"
"2002-11";"E";"3946988"
"2002-12";"T1";"3.28881162"
"2002-12";"S1";"3.05997339"
"2002-12";"E";"3946988"
"2003-01";"T1";"3.52025393"
"2003-01";"S1";"3.17327771"
"2003-01";"E";"3946988"
"2003-02";"T1";"3.59826278"
"2003-02";"S1";"3.2944902"
"2003-02";"E";"3946988"
"2003-03";"T1";"3.59281558"
"2003-03";"S1";"3.40774115"
"2003-03";"E";"3946988"
"2003-04";"T1";"3.5881538"
"2003-04";"S1";"3.50911656"
"2003-04";"E";"3946988"
"2003-05";"T1";"3.56243799"
"2003-05";"S1";"3.60672003"
"2003-05";"E";"3946988"
"2003-06";"T1";"3.55929635"
"2003-06";"S1";"3.68631034"
"2003-06";"E";"3946988"
"2003-07";"T1";"3.59005399"
"2003-07";"S1";"3.73995837"
"2003-07";"E";"3946988"
"2003-08";"T1";"3.64004147"
"2003-08";"S1";"3.75555745"
"2003-08";"E";"3946988"
"2003-09";"T1";"3.71645417"
"2003-09";"S1";"3.81934704"
"2003-09";"E";"3946988"
"2003-10";"T1";"3.83226399"
"2003-10";"S1";"3.85937061"
"2003-10";"E";"3946988"
"2003-11";"T1";"3.9675317"
"2003-11";"S1";"3.87430741"
"2003-11";"E";"3946988"
"2003-12";"T1";"4.12555093"
"2003-12";"S1";"3.87710386"
"2003-12";"E";"3946988"
"2004-01";"T1";"4.26053994"
"2004-01";"S1";"3.90338152"
"2004-01";"E";"3946988"
"2004-02";"T1";"4.2052066"
"2004-02";"S1";"3.90796729"
"2004-02";"E";"3946988"
"2004-03";"T1";"4.07523408"
"2004-03";"S1";"3.91967242"
"2004-03";"E";"3946988"
"2004-04";"T1";"3.92859061"
"2004-04";"S1";"3.90550972"
"2004-04";"E";"3946988"
"2004-05";"T1";"3.7703687"
"2004-05";"S1";"3.90619379"
"2004-05";"E";"3946988"
"2004-06";"T1";"3.65096119"
"2004-06";"S1";"3.91483329"
"2004-06";"E";"3946988"
"2004-07";"T1";"3.6261828"
"2004-07";"S1";"3.88719195"
"2004-07";"E";"3946988"
"2004-08";"T1";"3.6970723"
"2004-08";"S1";"3.88014861"
"2004-08";"E";"3946988"
"2004-09";"T1";"3.70766265"
"2004-09";"S1";"3.87272523"
"2004-09";"E";"3946988"
"2004-10";"T1";"3.74743982"
"2004-10";"S1";"3.84318371"
"2004-10";"E";"3946988"
"2004-11";"T1";"3.86140014"
"2004-11";"S1";"3.82866631"
"2004-11";"E";"3946988"
"2004-12";"T1";"4.01359214"
"2004-12";"S1";"3.78564617"
"2004-12";"E";"3946988"
"2005-01";"T1";"4.1052063"
"2005-01";"S1";"3.76061442"
"2005-01";"E";"3946988"
"2005-02";"T1";"4.06515044"
"2005-02";"S1";"3.77617059"
"2005-02";"E";"3946988"
"2005-03";"T1";"3.94429879"
"2005-03";"S1";"3.79583115"
"2005-03";"E";"3946988"
"2005-04";"T1";"3.81736656"
"2005-04";"S1";"3.79651522"
"2005-04";"E";"3946988"
"2005-05";"T1";"3.68306162"
"2005-05";"S1";"3.81663182"
"2005-05";"E";"3946988"
"2005-06";"T1";"3.56375545"
"2005-06";"S1";"3.82590472"
"2005-06";"E";"3946988"
"2005-07";"T1";"3.5445256"
"2005-07";"S1";"3.79996088"
"2005-07";"E";"3946988"
"2005-08";"T1";"3.6067756"
"2005-08";"S1";"3.78696363"
"2005-08";"E";"3946988"
"2005-09";"T1";"3.6161245"
"2005-09";"S1";"3.77893219"
"2005-09";"E";"3946988"
"2005-10";"T1";"3.65002376"
"2005-10";"S1";"3.74047248"
"2005-10";"E";"3946988"
"2005-11";"T1";"3.71832901"
"2005-11";"S1";"3.68648195"
"2005-11";"E";"3946988"
"2005-12";"T1";"3.84505856"
"2005-12";"S1";"3.62162236"
"2005-12";"E";"3946988"
"2006-01";"T1";"3.90687785"
"2006-01";"S1";"3.5715082"
"2006-01";"E";"3946988"
"2006-02";"T1";"3.8028745"
"2006-02";"S1";"3.52993219"
"2006-02";"E";"3946988"
"2006-03";"T1";"3.62932444"
"2006-03";"S1";"3.49258726"
"2006-03";"E";"3946988"
"2006-04";"T1";"3.45478628"
"2006-04";"S1";"3.4363165"
"2006-04";"E";"3946988"
"2006-05";"T1";"3.28062817"
"2006-05";"S1";"3.40054239"
"2006-05";"E";"3946988"
"2006-06";"T1";"3.1121706"
"2006-06";"S1";"3.34900942"
"2006-06";"E";"3946988"
"2006-07";"T1";"3.08399722"
"2006-07";"S1";"3.30832017"
"2006-07";"E";"3946988"
"2006-08";"T1";"3.11817518"
"2006-08";"S1";"3.27665045"
"2006-08";"E";"3946988"
"2006-09";"T1";"3.08782292"
"2006-09";"S1";"3.23380765"
"2006-09";"E";"3946988"
"2006-10";"T1";"3.11034642"
"2006-10";"S1";"3.18721516"
"2006-10";"E";"3946988"
"2006-11";"T1";"3.14500576"
"2006-11";"S1";"3.11865656"
"2006-11";"E";"3946988"
"2006-12";"T1";"3.25767395"
"2006-12";"S1";"3.06317121"
"2006-12";"E";"3946988"
"2007-01";"T1";"3.32043067"
"2007-01";"S1";"3.02830918"
"2007-01";"E";"3946988"
"2007-02";"T1";"3.20231528"
"2007-02";"S1";"2.96507109"
"2007-02";"E";"3946988"
"2007-03";"T1";"2.98746791"
"2007-03";"S1";"2.87771333"
"2007-03";"E";"3946988"
"2007-04";"T1";"2.85861016"
"2007-04";"S1";"2.83780949"
"2007-04";"E";"3946988"
"2007-05";"T1";"2.69065931"
"2007-05";"S1";"2.79005155"
"2007-05";"E";"3946988"
"2007-06";"T1";"2.52802897"
"2007-06";"S1";"2.7262054"
"2007-06";"E";"3946988"
"2007-07";"T1";"2.5279783"
"2007-07";"S1";"2.7120427"
"2007-07";"E";"3946988"
"2007-08";"T1";"2.55275668"
"2007-08";"S1";"2.68637756"
"2007-08";"E";"3946988"
"2007-09";"T1";"2.52549539"
"2007-09";"S1";"2.65194624"
"2007-09";"E";"3946988"
"2007-10";"T1";"2.58523715"
"2007-10";"S1";"2.65316236"
"2007-10";"E";"3946988"
"2007-11";"T1";"2.65569594"
"2007-11";"S1";"2.63375516"
"2007-11";"E";"3946988"
"2007-12";"T1";"2.76190351"
"2007-12";"S1";"2.59445937"
"2007-12";"E";"3946988"
"2008-01";"T1";"2.8344905"
"2008-01";"S1";"2.57867518"
"2008-01";"E";"3946988"
"2008-02";"T1";"2.74784215"
"2008-02";"S1";"2.54279972"
"2008-02";"E";"3946988"
"2008-03";"T1";"2.62927072"
"2008-03";"S1";"2.52845968"
"2008-03";"E";"3946988"
"2008-04";"T1";"2.55587298"
"2008-04";"S1";"2.53241206"
"2008-04";"E";"3946988"
"2008-05";"T1";"2.41110437"
"2008-05";"S1";"2.50322524"
"2008-05";"E";"3946988"
"2008-06";"T1";"2.31764069"
"2008-06";"S1";"2.4965366"
"2008-06";"E";"3946988"
"2008-07";"T1";"2.33502103"
"2008-07";"S1";"2.50548013"
"2008-07";"E";"3946988"
"2008-08";"T1";"2.38255095"
"2008-08";"S1";"2.51239679"
"2008-08";"E";"3946988"
"2008-09";"T1";"2.43172769"
"2008-09";"S1";"2.55511291"
"2008-09";"E";"3946988"
"2008-10";"T1";"2.54551065"
"2008-10";"S1";"2.61979515"
"2008-10";"E";"3946988"
"2008-11";"T1";"2.72744685"
"2008-11";"S1";"2.70961047"
"2008-11";"E";"3946988"
"2008-12";"T1";"3.00892731"
"2008-12";"S1";"2.82253202"
"2008-12";"E";"3946988"
"2009-01";"T1";"3.25387359"
"2009-01";"S1";"2.960688"
"2009-01";"E";"3946988"
"2009-02";"T1";"3.35450729"
"2009-02";"S1";"3.10365778"
"2009-02";"E";"3946988"
"2009-03";"T1";"3.41305826"
"2009-03";"S1";"3.27888"
"2009-03";"E";"3946988"
"2009-04";"T1";"3.46362847"
"2009-04";"S1";"3.43449233"
"2009-04";"E";"3946988"
"2009-05";"T1";"3.42357261"
"2009-05";"S1";"3.55232902"
"2009-05";"E";"3946988"
"2009-06";"T1";"3.55341845"
"2009-06";"S1";"3.82544867"
"2009-06";"E";"3946988"
"2009-07";"T1";"3.6829096"
"2009-07";"S1";"3.94771912"
"2009-07";"E";"3946988"
"2009-08";"T1";"3.82142028"
"2009-08";"S1";"4.02750148"
"2009-08";"E";"3946988"
"2009-09";"T1";"3.91207169"
"2009-09";"S1";"4.1076132"
"2009-09";"E";"3946988"
"2009-10";"T1";"4.00654879"
"2009-10";"S1";"4.12580428"
"2009-10";"E";"3946988"
"2009-11";"T1";"4.15380032"
"2009-11";"S1";"4.12506955"
"2009-11";"E";"3946988"
"2009-12";"T1";"4.37650178"
"2009-12";"S1";"4.09319714"
"2009-12";"E";"3946988"
"2010-01";"T1";"4.06590577"
"2010-01";"S1";"3.69883728"
"2010-01";"E";"4322899"
"2010-02";"T1";"4.00192093"
"2010-02";"S1";"3.69772692"
"2010-02";"E";"4322899"
"2010-03";"T1";"3.84075594"
"2010-03";"S1";"3.69152738"
"2010-03";"E";"4322899"
"2010-04";"T1";"3.66814029"
"2010-04";"S1";"3.64734406"
"2010-04";"E";"4322899"
"2010-05";"T1";"3.49473814"
"2010-05";"S1";"3.63129002"
"2010-05";"E";"4322899"
"2010-06";"T1";"3.34203968"
"2010-06";"S1";"3.59973712"
"2010-06";"E";"4322899"
"2010-07";"T1";"3.29246647"
"2010-07";"S1";"3.5371865"
"2010-07";"E";"4322899"
"2010-08";"T1";"3.30516628"
"2010-08";"S1";"3.48164507"
"2010-08";"E";"4322899"
"2010-09";"T1";"3.23949276"
"2010-09";"S1";"3.40660284"
"2010-09";"E";"4322899"
"2010-10";"T1";"3.22387824"
"2010-10";"S1";"3.3198555"
"2010-10";"E";"4322899"
"2010-11";"T1";"3.27715267"
"2010-11";"S1";"3.25425137"
"2010-11";"E";"4322899"
"2010-12";"T1";"3.4383408"
"2010-12";"S1";"3.20389165"
"2010-12";"E";"4322899"
"2011-01";"T1";"3.44176443"
"2011-01";"S1";"3.12311252"
"2011-01";"E";"4322899"
"2011-02";"T1";"3.31548343"
"2011-02";"S1";"3.05780912"
"2011-02";"E";"4322899"
"2011-03";"T1";"3.12070673"
"2011-03";"S1";"3.00256842"
"2011-03";"E";"4322899"
"2011-04";"T1";"2.85567625"
"2011-04";"S1";"2.83888196"
"2011-04";"E";"4322899"
"2011-05";"T1";"2.65294193"
"2011-05";"S1";"2.76504263"
"2011-05";"E";"4322899"
"2011-06";"T1";"2.55333284"
"2011-06";"S1";"2.75072353"
"2011-06";"E";"4322899"
"2011-07";"T1";"2.52608261"
"2011-07";"S1";"2.71972581"
"2011-07";"E";"4322899"
"2011-08";"T1";"2.58361345"
"2011-08";"S1";"2.72264052"
"2011-08";"E";"4322899"
"2011-09";"T1";"2.57567896"
"2011-09";"S1";"2.71544628"
"2011-09";"E";"4322899"
"2011-10";"T1";"2.66436944"
"2011-10";"S1";"2.74505604"
"2011-10";"E";"4322899"
"2011-11";"T1";"2.80156904"
"2011-11";"S1";"2.78192944"
"2011-11";"E";"4322899"
"2011-12";"T1";"3.022555"
"2011-12";"S1";"2.81001245"
"2011-12";"E";"4322899"
"2012-01";"T1";"3.10710475"
"2012-01";"S1";"2.81401439"
"2012-01";"E";"4322899"
"2012-02";"T1";"3.0802015"
"2012-02";"S1";"2.8321041"
"2012-02";"E";"4322899"
"2012-03";"T1";"2.9237787"
"2012-03";"S1";"2.81588813"
"2012-03";"E";"4322899"
"2012-04";"T1";"2.84896779"
"2012-04";"S1";"2.83501881"
"2012-04";"E";"4322899"
"2012-05";"T1";"2.74954377"
"2012-05";"S1";"2.8606729"
"2012-05";"E";"4322899"
"2012-06";"T1";"2.65719833"
"2012-06";"S1";"2.86895438"
"2012-06";"E";"4322899"
"2012-07";"T1";"2.69018545"
"2012-07";"S1";"2.89340556"
"2012-07";"E";"4322899"
"2012-08";"T1";"2.77182048"
"2012-08";"S1";"2.92354737"
"2012-08";"E";"4322899"
"2012-09";"T1";"2.78394198"
"2012-09";"S1";"2.93772767"
"2012-09";"E";"4322899"
"2012-10";"T1";"2.90397717"
"2012-10";"S1";"2.99428694"
"2012-10";"E";"4322899"
"2012-11";"T1";"3.05505634"
"2012-11";"S1";"3.03523168"
"2012-11";"E";"4322899"
"2012-12";"T1";"3.29198068"
"2012-12";"S1";"3.0607701"
"2012-12";"E";"4322899"
"2013-01";"T1";"3.4272834"
"2013-01";"S1";"3.09602422"
"2013-01";"E";"4322899"
"2013-02";"T1";"3.37738633"
"2013-02";"S1";"3.10583245"
"2013-02";"E";"4322899"
"2013-03";"T1";"3.2152729"
"2013-03";"S1";"3.09651"
"2013-03";"E";"4322899"
"2013-04";"T1";"3.14259019"
"2013-04";"S1";"3.12868748"
"2013-04";"E";"4322899"
"2013-05";"T1";"3.03708229"
"2013-05";"S1";"3.15811218"
"2013-05";"E";"4322899"
"2013-06";"T1";"2.92623075"
"2013-06";"S1";"3.16137388"
"2013-06";"E";"4322899"
"2013-07";"T1";"2.97291239"
"2013-07";"S1";"3.19063665"
"2013-07";"E";"4322899"
"2013-08";"T1";"3.00622337"
"2013-08";"S1";"3.17715033"
"2013-08";"E";"4322899"
"2013-09";"T1";"3.03203938"
"2013-09";"S1";"3.19294992"
"2013-09";"E";"4322899"
"2013-10";"T1";"3.08688683"
"2013-10";"S1";"3.18922556"
"2013-10";"E";"4322899"
"2013-11";"T1";"3.21712351"
"2013-11";"S1";"3.20069935"
"2013-11";"E";"4322899"
"2013-12";"T1";"3.45687003"
"2013-12";"S1";"3.21159481"
"2013-12";"E";"4322899"
"2014-01";"T1";"3.41089488"
"2014-01";"S1";"3.07930854"
"2014-01";"E";"4493249"
"2014-02";"T1";"3.32185018"
"2014-02";"S1";"3.05747578"
"2014-02";"E";"4493249"
"2014-03";"T1";"3.17912495"
"2014-03";"S1";"3.05769834"
"2014-03";"E";"4493249"
"2014-04";"T1";"3.05095489"
"2014-04";"S1";"3.03820242"
"2014-04";"E";"4493249"
"2014-05";"T1";"2.90012862"
"2014-05";"S1";"3.01890681"
"2014-05";"E";"4493249"
"2014-06";"T1";"2.81827248"
"2014-06";"S1";"3.03829145"
"2014-06";"E";"4493249"
"2014-07";"T1";"2.82766435"
"2014-07";"S1";"3.03639972"
"2014-07";"E";"4493249"
"2014-08";"T1";"2.85837709"
"2014-08";"S1";"3.01919613"
"2014-08";"E";"4493249"
"2014-09";"T1";"2.89245043"
"2014-09";"S1";"3.04628121"
"2014-09";"E";"4493249"
"2014-10";"T1";"2.94657607"
"2014-10";"S1";"3.0454355"
"2014-10";"E";"4493249"
"2014-11";"T1";"3.03904814"
"2014-11";"S1";"3.03116965"
"2014-11";"E";"4493249"
"2014-12";"T1";"3.27978708"
"2014-12";"S1";"3.04452302"
"2014-12";"E";"4493249"
"2015-01";"T1";"3.3593954"
"2015-01";"S1";"3.03522017"
"2015-01";"E";"4493249"
"2015-02";"T1";"3.33658339"
"2015-02";"S1";"3.06771336"
"2015-02";"E";"4493249"
"2015-03";"T1";"3.22946714"
"2015-03";"S1";"3.10643813"
"2015-03";"E";"4493249"
"2015-04";"T1";"3.14095658"
"2015-04";"S1";"3.12893855"
"2015-04";"E";"4493249"
"2015-05";"T1";"3.03453025"
"2015-05";"S1";"3.15617941"
"2015-05";"E";"4493249"
"2015-06";"T1";"2.96569364"
"2015-06";"S1";"3.19530478"
"2015-06";"E";"4493249"
"2015-07";"T1";"2.97677694"
"2015-07";"S1";"3.1987544"
"2015-07";"E";"4493249"
"2015-08";"T1";"3.0486403"
"2015-08";"S1";"3.21440009"
"2015-08";"E";"4493249"
"2015-09";"T1";"3.07630403"
"2015-09";"S1";"3.24092878"
"2015-09";"E";"4493249"
"2015-10";"T1";"3.14402785"
"2015-10";"S1";"3.25570651"
"2015-10";"E";"4493249"
"2015-11";"T1";"3.29701292"
"2015-11";"S1";"3.28755428"
"2015-11";"E";"4493249"
"2015-12";"T1";"3.53038525"
"2015-12";"S1";"3.28243549"
"2015-12";"E";"4493249"
"2016-01";"T1";"3.64199714"
"2016-01";"S1";"3.28397113"
"2016-01";"E";"4493249"
"2016-02";"T1";"3.59243389"
"2016-02";"S1";"3.30237652"
"2016-02";"E";"4493249"
"2016-03";"T1";"3.45683046"
"2016-03";"S1";"3.32296296"
"2016-03";"E";"4493249"
"2016-04";"T1";"3.32810401"
"2016-04";"S1";"3.31880116"
"2016-04";"E";"4493249"
"2016-05";"T1";"3.22212279"
"2016-05";"S1";"3.34541887"
"2016-05";"E";"4493249"
"2016-06";"T1";"3.09635633"
"2016-06";"S1";"3.33983271"
"2016-06";"E";"4493249"
"2016-07";"T1";"3.10042911"
"2016-07";"S1";"3.33155363"
"2016-07";"E";"4493249"
"2016-08";"T1";"3.17939202"
"2016-08";"S1";"3.34844563"
"2016-08";"E";"4493249"
"2016-09";"T1";"3.17531924"
"2016-09";"S1";"3.34895751"
"2016-09";"E";"4493249"
"2016-10";"T1";"3.21662565"
"2016-10";"S1";"3.33293347"
"2016-10";"E";"4493249"
"2016-11";"T1";"3.32116026"
"2016-11";"S1";"3.31831154"
"2016-11";"E";"4493249"
"2016-12";"T1";"3.54692117"
"2016-12";"S1";"3.29803668"
"2016-12";"E";"4493249"
"2017-01";"T1";"3.5475076"
"2017-01";"S1";"3.19160501"
"2017-01";"E";"4636100"
"2017-02";"T1";"3.44705679"
"2017-02";"S1";"3.16636828"
"2017-02";"E";"4636100"
"2017-03";"T1";"3.28465736"
"2017-03";"S1";"3.1583443"
"2017-03";"E";"4636100"
"2017-04";"T1";"3.15625202"
"2017-04";"S1";"3.14434546"
"2017-04";"E";"4636100"
"2017-05";"T1";"3.01499105"
"2017-05";"S1";"3.13092901"
"2017-05";"E";"4636100"
"2017-06";"T1";"2.8817972"
"2017-06";"S1";"3.11093376"
"2017-06";"E";"4636100"
"2017-07";"T1";"2.88876426"
"2017-07";"S1";"3.10271564"
"2017-07";"E";"4636100"
"2017-08";"T1";"2.92439766"
"2017-08";"S1";"3.07832014"
"2017-08";"E";"4636100"
"2017-09";"T1";"2.87243588"
"2017-09";"S1";"3.03487845"
"2017-09";"E";"4636100"
"2017-10";"T1";"2.90761632"
"2017-10";"S1";"3.01326546"
"2017-10";"E";"4636100"
"2017-11";"T1";"2.96190764"
"2017-11";"S1";"2.96766679"
"2017-11";"E";"4636100"
"2017-12";"T1";"3.16330536"
"2017-12";"S1";"2.93727486"
"2017-12";"E";"4636100"
"2018-01";"T1";"3.21738099"
"2018-01";"S1";"2.89187032"
"2018-01";"E";"4636100"
"2018-02";"T1";"3.10454908"
"2018-02";"S1";"2.84547357"
"2018-02";"E";"4636100"
"2018-03";"T1";"2.81298937"
"2018-03";"S1";"2.70503225"
"2018-03";"E";"4636100"
"2018-04";"T1";"2.58365868"
"2018-04";"S1";"2.57164427"
"2018-04";"E";"4636100"
"2018-05";"T1";"2.35956947"
"2018-05";"S1";"2.45003343"
"2018-05";"E";"4636100"
"2018-06";"T1";"2.29889347"
"2018-06";"S1";"2.48143914"
"2018-06";"E";"4636100"
"2018-07";"T1";"2.28752615"
"2018-07";"S1";"2.4581437"
"2018-07";"E";"4636100"
"2018-08";"T1";"2.32723625"
"2018-08";"S1";"2.45046483"
"2018-08";"E";"4636100"
"2018-09";"T1";"2.29904446"
"2018-09";"S1";"2.4303833"
"2018-09";"E";"4636100"
"2018-10";"T1";"2.31476888"
"2018-10";"S1";"2.40536227"
"2018-10";"E";"4636100"
"2018-11";"T1";"2.38290805"
"2018-11";"S1";"2.39108302"
"2018-11";"E";"4636100"
"2018-12";"T1";"2.5810703"
"2018-12";"S1";"2.39891288"
"2018-12";"E";"4636100"
"2019-01";"T1";"2.67384224"
"2019-01";"S1";"2.3986109"
"2019-01";"E";"4636100"
"2019-02";"T1";"2.57701516"
"2019-02";"S1";"2.36006557"
"2019-02";"E";"4636100"
"2019-03";"T1";"2.42317897"
"2019-03";"S1";"2.32896184"
"2019-03";"E";"4636100"
"2019-04";"T1";"2.31440219"
"2019-04";"S1";"2.30027394"
"2019-04";"E";"4636100"
"2019-05";"T1";"2.1865361"
"2019-05";"S1";"2.2682427"
"2019-05";"E";"4636100"
"2019-06";"T1";"2.09706434"
"2019-06";"S1";"2.26090895"
"2019-06";"E";"4636100"
"2019-07";"T1";"2.10474321"
"2019-07";"S1";"2.25980889"
"2019-07";"E";"4636100"
"2019-08";"T1";"2.1473221"
"2019-08";"S1";"2.26073639"
"2019-08";"E";"4636100"
"2019-09";"T1";"2.13752939"
"2019-09";"S1";"2.26263454"
"2019-09";"E";"4636100"
"2019-10";"T1";"2.19330903"
"2019-10";"S1";"2.28260823"
"2019-10";"E";"4636100"
"2019-11";"T1";"2.29352257"
"2019-11";"S1";"2.3088156"
"2019-11";"E";"4636100"
"2019-12";"T1";"2.52964776"
"2019-12";"S1";"2.35245141"
"2019-12";"E";"4636100"
"2020-01";"T1";"2.63239465"
"2020-01";"S1";"2.36601853"
"2020-01";"E";"4597259"
"2020-02";"T1";"2.56287497"
"2020-02";"S1";"2.34428819"
"2020-02";"E";"4597259"
"2020-03";"T1";"2.9501057"
"2020-03";"S1";"2.83512415"
"2020-03";"E";"4597259"
"2020-04";"T1";"3.33705367"
"2020-04";"S1";"3.31334389"
"2020-04";"E";"4597259"
"2020-05";"T1";"3.39328282"
"2020-05";"S1";"3.51139668"
"2020-05";"E";"4597259"
"2020-06";"T1";"3.26910013"
"2020-06";"S1";"3.51522505"
"2020-06";"E";"4597259"
"2020-07";"T1";"3.23823391"
"2020-07";"S1";"3.4725692"
"2020-07";"E";"4597259"
"2020-08";"T1";"3.28698035"
"2020-08";"S1";"3.45542855"
"2020-08";"E";"4597259"
"2020-09";"T1";"3.23149076"
"2020-09";"S1";"3.41949409"
"2020-09";"E";"4597259"
"2020-10";"T1";"3.24362843"
"2020-10";"S1";"3.3831246"
"2020-10";"E";"4597259"
"2020-11";"T1";"3.33394312"
"2020-11";"S1";"3.35828371"
"2020-11";"E";"4597259"
"2020-12";"T1";"3.55744586"
"2020-12";"S1";"3.32302357"
"2020-12";"E";"4597259"
"2021-01";"T1";"3.69248285"
"2021-01";"S1";"3.32398066"
"2021-01";"E";"4597259"
"2021-02";"T1";"3.65332908"
"2021-02";"S1";"3.34183913"
"2021-02";"E";"4597259"
"2021-03";"T1";"3.43613444"
"2021-03";"S1";"3.30692702"
"2021-03";"E";"4597259"
"2021-04";"T1";"3.2906347"
"2021-04";"S1";"3.26694667"
"2021-04";"E";"4597259"
"2021-05";"T1";"3.10980956"
"2021-05";"S1";"3.20738945"
"2021-05";"E";"4597259"
"2021-06";"T1";"2.8673825"
"2021-06";"S1";"3.08316325"
"2021-06";"E";"4597259"
"2021-07";"T1";"2.79033659"
"2021-07";"S1";"2.98138521"
"2021-07";"E";"4597259"
"2021-08";"T1";"2.74848556"
"2021-08";"S1";"2.88484943"
"2021-08";"E";"4597259"
"2021-09";"T1";"2.61664614"
"2021-09";"S1";"2.76488664"
"2021-09";"E";"4597259"
"2021-10";"T1";"2.53918694"
"2021-10";"S1";"2.64662052"
"2021-10";"E";"4597259"
"2021-11";"T1";"2.52855016"
"2021-11";"S1";"2.55104183"
"2021-11";"E";"4597259"
"2021-12";"T1";"2.64783864"
"2021-12";"S1";"2.4758666"
"2021-12";"E";"4597259"
"2022-01";"T1";"2.65958477"
"2022-01";"S1";"2.39884244"
"2022-01";"E";"4597259"
"2022-02";"T1";"2.56609427"
"2022-02";"S1";"2.35133587"
"2022-02";"E";"4597259"
"2022-03";"T1";"2.38185406"
"2022-03";"S1";"2.29771697"
"2022-03";"E";"4597259"
"2022-04";"T1";"2.27072262"
"2022-04";"S1";"2.25551791"
"2022-04";"E";"4597259"
"2022-05";"T1";"2.13179201"
"2022-05";"S1";"2.20281259"
"2022-05";"E";"4597259"
"2022-06";"T1";"2.01230777"
"2022-06";"S1";"2.16144011"
"2022-06";"E";"4597259"
"2022-07";"T1";"1.98975085"
"2022-07";"S1";"2.12252562"
"2022-07";"E";"4597259"
"2022-08";"T1";"1.98753214"
"2022-08";"S1";"2.08441595"
"2022-08";"E";"4597259"
"2022-09";"T1";"1.94737777"
"2022-09";"S1";"2.05400653"
"2022-09";"E";"4597259"
"2022-10";"T1";"1.9497705"
"2022-10";"S1";"2.02890461"
"2022-10";"E";"4597259"
"2022-11";"T1";"1.98655329"
"2022-11";"S1";"2.00108369"
"2022-11";"E";"4597259"
"2022-12";"T1";"2.10866954"
"2022-12";"S1";"1.97478541"
"2022-12";"E";"4597259"
"2023-01";"T1";"2.19208881"
"2023-01";"S1";"1.97456789"
"2023-01";"E";"4597259"
"2023-02";"T1";"2.14153695"
"2023-02";"S1";"1.96549727"
"2023-02";"E";"4597259"
"2023-03";"T1";"2.01761528"
"2023-03";"S1";"1.94963999"
"2023-03";"E";"4597259"
"2023-04";"T1";"1.96930388"
"2023-04";"S1";"1.96084232"
"2023-04";"E";"4597259"
"2023-05";"T1";"1.91583724"
"2023-05";"S1";"1.97981014"
"2023-05";"E";"4597259"
"2023-06";"T1";"1.85108126"
"2023-06";"S1";"1.99153452"
"2023-06";"E";"4597259"
"2023-07";"T1";"1.905505"
"2023-07";"S1";"2.02914389"
"2023-07";"E";"4597259"
"2023-08";"T1";"1.95509977"
"2023-08";"S1";"2.05030867"
"2023-08";"E";"4597259"
"2023-09";"T1";"1.97565549"
"2023-09";"S1";"2.08080511"
"2023-09";"E";"4597259"
"2023-10";"T1";"2.03519097"
"2023-10";"S1";"2.11491239"
"2023-10";"E";"4597259"
"2023-11";"T1";"2.13194427"
"2023-11";"S1";"2.1456916"
"2023-11";"E";"4597259"
"2023-12";"T1";"2.32440678"
"2023-12";"S1";"2.17577474"
"2023-12";"E";"4597259"
"2024-01";"T1";"2.46179299"
"2024-01";"S1";"2.21553756"
"2024-01";"E";"4597259"
"2024-02";"T1";"2.43360228"
"2024-02";"S1";"2.2377682"
"2024-02";"E";"4597259"
"2024-03";"T1";"2.36212491"
"2024-03";"S1";"2.28179443"
"2024-03";"E";"4597259"
"2024-04";"T1";"2.32653849"
"2024-04";"S1";"2.32016512"
"2024-04";"E";"4597259"
"2024-05";"T1";"2.29408437"
"2024-05";"S1";"2.37482813"
"2024-05";"E";"4597259"
"2024-06";"T1";"2.27348514"
"2024-06";"S1";"2.44336897"
"2024-06";"E";"4597259"
"2024-07";"T1";"2.34304833"
"2024-07";"S1";"2.49657459"
"2024-07";"E";"4597259"
"2024-08";"T1";"2.42218244"
"2024-08";"S1";"2.53936095"
"2024-08";"E";"4597259"
"2024-09";"T1";"2.46331564"
"2024-09";"S1";"2.59208802"
"2024-09";"E";"4597259"
"2024-10";"T1";"2.53296584"
"2024-10";"S1";"2.63061098"
"2024-10";"E";"4597259"
